StrainID,Population,Timepoint,ExtractionBatch,ExtractionTube,Flagged?,FilenameStem,,,,,,
REL607, m1;m2;m3;m4;m5;m6;m7;m8;p1;p2;p3;p4;p5;p6,0,1,123, , DL_LTE_rn1_96_GTAGAGGA-CTAAGCCT,,,,,,
REL766, m5,0.5,1,1, , DL_LTE_rn1_1_TAAGGCGA-TAGATCGC,,,,,,
REL968, m5,1,1,2, , DL_LTE_rn1_9_CGTACTAG-TAGATCGC,,,,,,
REL1072, m5,1.5,1,3, , DL_LTE_rn1_17_AGGCAGAA-TAGATCGC,,,,,,
REL1168, m5,2,1,4, , DL_LTE_rn1_25_TCCTGAGC-TAGATCGC,,,,,,
REL1286, m5,2.5,1,5, , DL_LTE_rn1_33_GGACTCCT-TAGATCGC,,,,,,
REL1487, m5,3,1,6, , DL_LTE_rn1_41_TAGGCATG-TAGATCGC,,,,,,
REL1669, m5,3.5,1,7, , DL_LTE_rn1_49_CTCTCTAC-TAGATCGC,,,,,,
REL1894, m5,4,1,8, , DL_LTE_rn1_57_CAGAGAGG-TAGATCGC,,,,,,
REL2088, m5,4.5,1,9, , DL_LTE_rn1_20_AGGCAGAA-AGAGTAGA,,,,,,
REL2183, m5,5,1,10, , DL_LTE_rn1_65_GCTACGCT-TAGATCGC,,,,,,
REL2240, m5,5.5,1,11, , DL_LTE_rn1_13_CGTACTAG-GTAAGGAG,,,,,,
REL2336, m5,6,1,12, , DL_LTE_rn1_73_CGAGGCTG-TAGATCGC,,,,,,
REL2395, m5,6.5,1,13, , DL_LTE_rn1_2_TAAGGCGA-CTCTCTAT,,,,,,
REL2535, m5,7,1,14, , DL_LTE_rn1_10_CGTACTAG-CTCTCTAT,,,,,,
REL2779, m5,7.5,1,15, , DL_LTE_rn1_18_AGGCAGAA-CTCTCTAT,,,,,,
REL3291, m5,8,1,16, , DL_LTE_rn1_26_TCCTGAGC-CTCTCTAT,,,,,,
REL4021, m5,8.5,1,17, , DL_LTE_rn1_34_GGACTCCT-CTCTCTAT,,,,,,
REL4342, m5,9,1,18, , DL_LTE_rn1_42_TAGGCATG-CTCTCTAT,,,,,,
REL4462, m5,9.5,1,19, , DL_LTE_rn1_50_CTCTCTAC-CTCTCTAT,,,,,,
REL4540, m5,10,1,20, , DL_LTE_rn1_58_CAGAGAGG-CTCTCTAT,,,,,,
REL5700, m5,10.5,1,21, , DL_LTE_rn1_77_CGAGGCTG-GTAAGGAG,,,,,,
REL6278, m5,11,1,22, , DL_LTE_rn1_66_GCTACGCT-CTCTCTAT,,,,,,
REL6725, m5,11.5,1,23, , DL_LTE_rn1_38_GGACTCCT-ACTGCATA,,,,,,
REL6870, m5,12,1,24, , DL_LTE_rn1_74_CGAGGCTG-CTCTCTAT,,,,,,
REL7011, m5,12.5,1,25, , DL_LTE_rn1_3_TAAGGCGA-TATCCTCT,,,,,,
REL7073, m5,13,1,26, , DL_LTE_rn1_11_CGTACTAG-TATCCTCT,,,,,,
REL7097, m5,13.5,1,27, , DL_LTE_rn1_19_AGGCAGAA-TATCCTCT,,,,,,
REL7121, m5,14,1,28, , DL_LTE_rn1_27_TCCTGAGC-TATCCTCT,,,,,,
REL7145, m5,14.5,1,29, , DL_LTE_rn1_35_GGACTCCT-TATCCTCT,,,,,,
REL7181, m5,15,1,30, , DL_LTE_rn1_43_TAGGCATG-TATCCTCT,,,,,,
REL7205, m5,15.5,1,31, , DL_LTE_rn1_51_CTCTCTAC-TATCCTCT,,,,,,
REL7229, m5,16,1,32, , DL_LTE_rn1_59_CAGAGAGG-TATCCTCT,,,,,,
REL7277, m5,17,1,34, , DL_LTE_rn1_67_GCTACGCT-TATCCTCT,,,,,,
REL7327, m5,18,1,36, , DL_LTE_rn1_75_CGAGGCTG-TATCCTCT,,,,,,
REL7388, m5,18.5,1,37, , DL_LTE_rn1_4_TAAGGCGA-AGAGTAGA,,,,,,
REL7417, m5,19,1,38, , DL_LTE_rn1_12_CGTACTAG-AGAGTAGA,,,,,,
REL8597, m5,20,1,40, , DL_LTE_rn1_28_TCCTGAGC-AGAGTAGA,,,,,,
REL9254, m5,20.5,1,41, , DL_LTE_rn1_36_GGACTCCT-AGAGTAGA,,,,,,
REL9280, m5,21,1,42, , DL_LTE_rn1_44_TAGGCATG-AGAGTAGA,,,,,,
REL9306, m5,21.5,1,43, , DL_LTE_rn1_52_CTCTCTAC-AGAGTAGA,,,,,,
REL9344, m5,22,1,44, , DL_LTE_rn1_60_CAGAGAGG-AGAGTAGA,,,,,,
REL9404, m5,23,1,46, , DL_LTE_rn1_68_GCTACGCT-AGAGTAGA,,,,,,
REL10129, m5,24,1,48, , DL_LTE_rn1_76_CGAGGCTG-AGAGTAGA,,,,,,
REL10154, m5,24.5,1,49, , DL_LTE_rn1_5_TAAGGCGA-GTAAGGAG,,,,,,
REL10203, m5,25.5,1,51, , DL_LTE_rn1_21_AGGCAGAA-GTAAGGAG,,,,,,
REL10227, m5,26,1,52, , DL_LTE_rn1_29_TCCTGAGC-GTAAGGAG,,,,,,
REL10253, m5,26.5,1,53, , DL_LTE_rn1_37_GGACTCCT-GTAAGGAG,,,,,,
REL10277, m5,27,1,54, , DL_LTE_rn1_45_TAGGCATG-GTAAGGAG,,,,,,
REL10308, m5,28,1,56, , DL_LTE_rn1_53_CTCTCTAC-GTAAGGAG,,,,,,
REL10323, m5,28.5,1,57, , DL_LTE_rn1_61_CAGAGAGG-GTAAGGAG,,,,,,
REL10383, m5,30,1,60, , DL_LTE_rn1_69_GCTACGCT-GTAAGGAG,,,,,,
REL10424, m5,30.5,1,61, , DL_LTE_rn1_6_TAAGGCGA-ACTGCATA,,,,,,
REL10439, m5,31,1,62, , DL_LTE_rn1_14_CGTACTAG-ACTGCATA,,,,,,
REL10457, m5,31.5,1,63, , DL_LTE_rn1_22_AGGCAGAA-ACTGCATA,,,,,,
REL10469, m5,32,1,64, , DL_LTE_rn1_30_TCCTGAGC-ACTGCATA,,,,,,
REL10493, m5,33,1,66, , DL_LTE_rn1_46_TAGGCATG-ACTGCATA,,,,,,
REL10504, m5,33.5,1,67, , DL_LTE_rn1_54_CTCTCTAC-ACTGCATA,,,,,,
REL10563, m5,34,1,68, , DL_LTE_rn1_62_CAGAGAGG-ACTGCATA,,,,,,
REL10698, m5,35,1,70, , DL_LTE_rn1_70_GCTACGCT-ACTGCATA,,,,,,
REL10785, m5,36,1,72, , DL_LTE_rn1_78_CGAGGCTG-ACTGCATA,,,,,,
REL10812, m5,36.5,1,73, , DL_LTE_rn1_7_TAAGGCGA-AAGGAGTA,,,,,,
REL10834, m5,37,1,74, , DL_LTE_rn1_15_CGTACTAG-AAGGAGTA,,,,,,
REL10856, m5,37.5,1,75, , DL_LTE_rn1_23_AGGCAGAA-AAGGAGTA,,,,,,
REL10873, m5,38,1,76, , DL_LTE_rn1_31_TCCTGAGC-AAGGAGTA,,,,,,
REL10886, m5,38.5,1,77, , DL_LTE_rn1_39_GGACTCCT-AAGGAGTA,,,,,,
REL10904, m5,39,1,78, , DL_LTE_rn1_47_TAGGCATG-AAGGAGTA,,,,,,
REL10917, m5,39.5,1,79, , DL_LTE_rn1_55_CTCTCTAC-AAGGAGTA,,,,,,
REL10930, m5,40,1,80, , DL_LTE_rn1_63_CAGAGAGG-AAGGAGTA,,,,,,
REL10997, m5,41,1,82, , DL_LTE_rn1_71_GCTACGCT-AAGGAGTA,,,,,,
REL11027, m5,42,1,84, , DL_LTE_rn1_79_CGAGGCTG-AAGGAGTA,,,,,,
REL11041, m5,42.5,1,85, , DL_LTE_rn1_8_TAAGGCGA-CTAAGCCT,,,,,,
REL11053, m5,43,1,86, , DL_LTE_rn1_16_CGTACTAG-CTAAGCCT,,,,,,
REL11081, m5,43.5,1,87, , DL_LTE_rn1_24_AGGCAGAA-CTAAGCCT,,,,,,
REL11093, m5,44,1,88, , DL_LTE_rn1_32_TCCTGAGC-CTAAGCCT,,,,,,
REL11105, m5,44.5,1,89, , DL_LTE_rn1_40_GGACTCCT-CTAAGCCT,,,,,,
REL11120, m5,45,1,90, , DL_LTE_rn1_48_TAGGCATG-CTAAGCCT,,,,,,
REL11153, m5,45.5,1,91, , DL_LTE_rn1_56_CTCTCTAC-CTAAGCCT,,,,,,
REL11174, m5,46,1,92, , DL_LTE_rn1_64_CAGAGAGG-CTAAGCCT,,,,,,
REL11204, m5,47,1,94, , DL_LTE_rn1_72_GCTACGCT-CTAAGCCT,,,,,,
REL11274, m5,48,1,96, , DL_LTE_rn1_80_CGAGGCTG-CTAAGCCT,,,,,,
REL11286, m5,48.5,1,97, , DL_LTE_rn1_81_AAGAGGCA-TAGATCGC,,,,,,
REL11310, m5,49.5,1,99, , DL_LTE_rn1_82_AAGAGGCA-CTCTCTAT,,,,,,
REL11356, m5,50.5,1,101, , DL_LTE_rn1_83_AAGAGGCA-TATCCTCT,,,,,,
REL11400, m5,51.5,1,103, , DL_LTE_rn1_84_AAGAGGCA-AGAGTAGA,,,,,,
REL11424, m5,52.5,1,105, , DL_LTE_rn1_85_AAGAGGCA-GTAAGGAG,,,,,,
REL11448, m5,53.5,1,107, , DL_LTE_rn1_86_AAGAGGCA-ACTGCATA,,,,,,
REL11475, m5,54.5,1,109, , DL_LTE_rn1_87_AAGAGGCA-AAGGAGTA,,,,,,
REL11520, m5,55.5,1,111, , DL_LTE_rn1_88_AAGAGGCA-CTAAGCCT,,,,,,
REL11569, m5,56.5,1,113, , DL_LTE_rn1_89_GTAGAGGA-TAGATCGC,,,,,,
REL11616, m5,57.5,1,115, , DL_LTE_rn1_90_GTAGAGGA-CTCTCTAT,,,,,,
REL11643, m5,58.5,1,117, , DL_LTE_rn1_91_GTAGAGGA-TATCCTCT,,,,,,
REL11656, m5,59,1,118, , DL_LTE_rn1_92_GTAGAGGA-AGAGTAGA,,,,,,
REL11669, m5,59.5,1,119, , DL_LTE_rn1_93_GTAGAGGA-GTAAGGAG,,,,,,
REL11682, m5,60,1,120, , DL_LTE_rn1_94_GTAGAGGA-ACTGCATA,,,,,,
REL11716, m5,60.5,1,121, , DL_LTE_rn1_95_GTAGAGGA-AAGGAGTA,,,,,,
REL762, m1,0.5,2, , , ara_neg_1_1_TAAGGCGA-TAGATCGC,,,,,,
REL964, m1,1,2, , , ara_neg_1_2_TAAGGCGA-CTCTCTAT,,,,,,
REL1068, m1,1.5,2, , , ara_neg_1_3_TAAGGCGA-TATCCTCT,,,,,,
REL1164, m1,2,2, , , ara_neg_1_4_TAAGGCGA-AGAGTAGA,,,,,,
REL1282, m1,2.5,2, , , ara_neg_1_5_TAAGGCGA-GTAAGGAG,,,,,,
REL1483, m1,3,2, , , ara_neg_1_6_TAAGGCGA-ACTGCATA,,,,,,
REL1665, m1,3.5,2, , , ara_neg_1_7_TAAGGCGA-AAGGAGTA,,,,,,
REL1890, m1,4,2, , , ara_neg_1_8_TAAGGCGA-CTAAGCCT,,,,,,
REL2084, m1,4.5,2, , , ara_neg_1_17_AGGCAGAA-TAGATCGC,,,,,,
REL2179, m1,5,2, , , ara_neg_1_18_AGGCAGAA-CTCTCTAT,,,,,,
REL2236, m1,5.5,2, , , ara_neg_1_19_AGGCAGAA-TATCCTCT,,,,,,
REL2332, m1,6,2, , , ara_neg_1_20_AGGCAGAA-AGAGTAGA,,,,,,
REL2391, m1,6.5,2, , , ara_neg_1_21_AGGCAGAA-GTAAGGAG,,,,,,
REL2531, m1,7,2, , , ara_neg_1_22_AGGCAGAA-ACTGCATA,,,,,,
REL2775, m1,7.5,2, , , ara_neg_1_23_AGGCAGAA-AAGGAGTA,,,,,,
REL3287, m1,8,2, , , ara_neg_1_24_AGGCAGAA-CTAAGCCT,,,,,,
REL4017, m1,8.5,2, , , ara_neg_1_9_CGTACTAG-TAGATCGC,,,,,,
REL4338, m1,9,2, , , ara_neg_1_10_CGTACTAG-CTCTCTAT,,,,,,
REL4458, m1,9.5,2, , , ara_neg_1_11_CGTACTAG-TATCCTCT,,,,,,
REL4536, m1,10,2, , , ara_neg_1_12_CGTACTAG-AGAGTAGA,,,,,,
REL6270, m1,11,2, , , ara_neg_1_13_CGTACTAG-GTAAGGAG,,,,,,
REL6862, m1,12,2, , , ara_neg_1_14_CGTACTAG-ACTGCATA,,,,,,
REL7069, m1,13,2, , , ara_neg_1_15_CGTACTAG-AAGGAGTA,,,,,,
REL7117, m1,14,2, , , ara_neg_1_16_CGTACTAG-CTAAGCCT,,,,,,
REL7177, m1,15,2, , , ara_neg_1_25_TCCTGAGC-TAGATCGC,,,,,,
REL7225, m1,16,2, , , ara_neg_1_26_TCCTGAGC-CTCTCTAT,,,,,,
REL7273, m1,17,2, , , ara_neg_1_27_TCCTGAGC-TATCCTCT,,,,,,
REL7323, m1,18,2, , , ara_neg_1_28_TCCTGAGC-AGAGTAGA,,,,,,
REL7413, m1,19,2, , , ara_neg_1_29_TCCTGAGC-GTAAGGAG,,,,,,
REL8593, m1,20,2, , , ara_neg_1_30_TCCTGAGC-ACTGCATA,,,,,,
REL9276, m1,21,2, , , ara_neg_1_31_TCCTGAGC-AAGGAGTA,,,,,,
REL9302, m1,21.5,2, , , ara_neg_1_32_TCCTGAGC-CTAAGCCT,,,,,,
REL9340, m1,22,2, , , ara_neg_1_33_GGACTCCT-TAGATCGC,,,,,,
REL9366, m1,22.5,2, , , ara_neg_1_34_GGACTCCT-CTCTCTAT,,,,,,
REL9400, m1,23,2, , , ara_neg_1_35_GGACTCCT-TATCCTCT,,,,,,
REL10100, m1,23.5,2, , , ara_neg_1_36_GGACTCCT-AGAGTAGA,,,,,,
REL10125, m1,24,2, , , ara_neg_1_37_GGACTCCT-GTAAGGAG,,,,,,
REL10150, m1,24.5,2, , , ara_neg_1_38_GGACTCCT-ACTGCATA,,,,,,
REL10175, m1,25,2, , , ara_neg_1_39_GGACTCCT-AAGGAGTA,,,,,,
REL10199, m1,25.5,2, , , ara_neg_1_40_GGACTCCT-CTAAGCCT,,,,,,
REL10223, m1,26,2, , , ara_neg_1_41_TAGGCATG-TAGATCGC,,,,,,
REL10249, m1,26.5,2, , , ara_neg_1_42_TAGGCATG-CTCTCTAT,,,,,,
REL10273, m1,27,2, , , ara_neg_1_43_TAGGCATG-TATCCTCT,,,,,,
REL10286, m1,27.5,2, , , ara_neg_1_44_TAGGCATG-AGAGTAGA,,,,,,
REL10304, m1,28,2, , , ara_neg_1_45_TAGGCATG-GTAAGGAG,,,,,,
REL10319, m1,28.5,2, , , ara_neg_1_46_TAGGCATG-ACTGCATA,,,,,,
REL10337, m1,29,2, , , ara_neg_1_47_TAGGCATG-AAGGAGTA,,,,,,
REL10367, m1,29.5,2, , , ara_neg_1_48_TAGGCATG-CTAAGCCT,,,,,,
REL10379, m1,30,2, , , ara_neg_1_49_CTCTCTAC-TAGATCGC,,,,,,
REL10420, m1,30.5,2, , , ara_neg_1_50_CTCTCTAC-CTCTCTAT,,,,,,
REL10435, m1,31,2, , , ara_neg_1_51_CTCTCTAC-TATCCTCT,,,,,,
REL10453, m1,31.5,2, , , ara_neg_1_52_CTCTCTAC-AGAGTAGA,,,,,,
REL10465, m1,32,2, , , ara_neg_1_53_CTCTCTAC-GTAAGGAG,,,,,,
REL10477, m1,32.5,2, , , ara_neg_1_54_CTCTCTAC-ACTGCATA,,,,,,
REL10489, m1,33,2, , , ara_neg_1_55_CTCTCTAC-AAGGAGTA,,,,,,
REL10501, m1,33.5,2, , , ara_neg_1_56_CTCTCTAC-CTAAGCCT,,,,,,
REL10559, m1,34,2, , , ara_neg_1_57_CAGAGAGG-TAGATCGC,,,,,,
REL10591, m1,34.5,2, , , ara_neg_1_58_CAGAGAGG-CTCTCTAT,,,,,,
REL10694, m1,35,2, , , ara_neg_1_59_CAGAGAGG-TATCCTCT,,,,,,
REL10747, m1,35.5,2, , , ara_neg_1_60_CAGAGAGG-AGAGTAGA,,,,,,
REL10781, m1,36,2, , , ara_neg_1_61_CAGAGAGG-GTAAGGAG,,,,,,
REL10808, m1,36.5,2, , , ara_neg_1_62_CAGAGAGG-ACTGCATA,,,,,,
REL10830, m1,37,2, , , ara_neg_1_63_CAGAGAGG-AAGGAGTA,,,,,,
REL10852, m1,37.5,2, , , ara_neg_1_64_CAGAGAGG-CTAAGCCT,,,,,,
REL10869, m1,38,2, , , ara_neg_1_65_GCTACGCT-TAGATCGC,,,,,,
REL10882, m1,38.5,2, , , ara_neg_1_66_GCTACGCT-CTCTCTAT,,,,,,
REL10900, m1,39,2, , , ara_neg_1_67_GCTACGCT-TATCCTCT,,,,,,
REL10913, m1,39.5,2, , , ara_neg_1_68_GCTACGCT-AGAGTAGA,,,,,,
REL10926, m1,40,2, , , ara_neg_1_69_GCTACGCT-GTAAGGAG,,,,,,
REL10967, m1,40.5,2, , , ara_neg_1_70_GCTACGCT-ACTGCATA,,,,,,
REL10993, m1,41,2, , , ara_neg_1_71_GCTACGCT-AAGGAGTA,,,,,,
REL11011, m1,41.5,2, , , ara_neg_1_72_GCTACGCT-CTAAGCCT,,,,,,
REL11023, m1,42,2, , , ara_neg_1_73_CGAGGCTG-TAGATCGC,,,,,,
REL11037, m1,42.5,2, , , ara_neg_1_74_CGAGGCTG-CTCTCTAT,,,,,,
REL11049, m1,43,2, , , ara_neg_1_75_CGAGGCTG-TATCCTCT,,,,,,
REL11077, m1,43.5,2, , , ara_neg_1_76_CGAGGCTG-AGAGTAGA,,,,,,
REL11089, m1,44,2, , , ara_neg_1_77_CGAGGCTG-GTAAGGAG,,,,,,
REL11107, m1,44.5,2, , , ara_neg_1_78_CGAGGCTG-ACTGCATA,,,,,,
REL11116, m1,45,2, , , ara_neg_1_79_CGAGGCTG-AAGGAGTA,,,,,,
REL11149, m1,45.5,2, , , ara_neg_1_80_CGAGGCTG-CTAAGCCT,,,,,,
REL11170, m1,46,2, , , ara_neg_1_81_AAGAGGCA-TAGATCGC,,,,,,
REL11200, m1,47,2, , , ara_neg_1_82_AAGAGGCA-CTCTCTAT,,,,,,
REL11270, m1,48,2, , , ara_neg_1_83_AAGAGGCA-TATCCTCT,,,,,,
REL11282, m1,48.5,2, , , ara_neg_1_84_AAGAGGCA-AGAGTAGA,,,,,,
REL11306, m1,49.5,2, , , ara_neg_1_85_AAGAGGCA-GTAAGGAG,,,,,,
REL11352, m1,50.5,2, , , ara_neg_1_86_AAGAGGCA-ACTGCATA,,,,,,
REL11396, m1,51.5,2, , , ara_neg_1_87_AAGAGGCA-AAGGAGTA,,,,,,
REL11420, m1,52.5,2, , , ara_neg_1_88_AAGAGGCA-CTAAGCCT,,,,,,
REL11444, m1,53.5,2, , , ara_neg_1_89_GTAGAGGA-TAGATCGC,,,,,,
REL11471, m1,54.5,2, , , ara_neg_1_90_GTAGAGGA-CTCTCTAT,,,,,,
REL11516, m1,55.5,2, , , ara_neg_1_91_GTAGAGGA-TATCCTCT,,,,,,
REL11565, m1,56.5,2, , , ara_neg_1_92_GTAGAGGA-AGAGTAGA,,,,,,
REL11612, m1,57.5,2, , , ara_neg_1_93_GTAGAGGA-GTAAGGAG,,,,,,
REL11639, m1,58.5,2, , , ara_neg_1_94_GTAGAGGA-ACTGCATA,,,,,,
REL11665, m1,59.5,2, , , ara_neg_1_95_GTAGAGGA-AAGGAGTA,,,,,,
REL11712, m1,60.5,2, , , ara_neg_1_96_GTAGAGGA-CTAAGCCT,,,,,,
REL769, p2,0.5,3, , , ara_pos2_2_1_TAAGGCGA-TAGATCGC,,,,,,
REL959, p2,1,3, , , ara_pos2_2_9_CGTACTAG-TAGATCGC,,,,,,
REL1063, p2,1.5,3, , , ara_pos2_2_17_AGGCAGAA-TAGATCGC,,,,,,
REL1159, p2,2,3, , , ara_pos2_2_25_TCCTGAGC-TAGATCGC,,,,,,
REL1277, p2,2.5,3, , , ara_pos2_2_33_GGACTCCT-TAGATCGC,,,,,,
REL1478, p2,3,3, , , ara_pos2_2_41_TAGGCATG-TAGATCGC,,,,,,
REL1660, p2,3.5,3, , , ara_pos2_2_49_CTCTCTAC-TAGATCGC,,,,,,
REL1885, p2,4,3, , , ara_pos2_2_89_CACGAGTT-GGCTACTC,,,,,,
REL2079, p2,4.5,3, , , ara_pos2_2_57_GCTACGCT-TAGATCGC,,,,,,
REL2174, p2,5,3, , , ara_pos2_2_65_CGAGGCTG-TAGATCGC,,,,,,
REL2231, p2,5.5,3, , , ara_pos2_2_73_AAGAGGCA-TAGATCGC,,,,,,
REL2327, p2,6,3, , , ara_pos2_2_81_GTAGAGGA-TAGATCGC,,,,,,
REL2386, p2,6.5,3, , , ara_pos2_2_2_TAAGGCGA-CTCTCTAT,,,,,,
REL2526, p2,7,3, , , ara_pos2_2_10_CGTACTAG-CTCTCTAT,,,,,,
REL2770, p2,7.5,3, , , ara_pos2_2_18_AGGCAGAA-CTCTCTAT,,,,,,
REL3282, p2,8,3, , , ara_pos2_2_26_TCCTGAGC-CTCTCTAT,,,,,,
REL4012, p2,8.5,3, , , ara_pos2_2_34_GGACTCCT-CTCTCTAT,,,,,,
REL4333, p2,9,3, , , ara_pos2_2_42_TAGGCATG-CTCTCTAT,,,,,,
REL4453, p2,9.5,3, , , ara_pos2_2_50_CTCTCTAC-CTCTCTAT,,,,,,
REL4531, p2,10,3, , , ara_pos2_2_90_CACGAGTT-CCTCAGAC,,,,,,
REL6273, p2,11,3, , , ara_pos2_2_58_GCTACGCT-CTCTCTAT,,,,,,
REL6865, p2,12,3, , , ara_pos2_2_66_CGAGGCTG-CTCTCTAT,,,,,,
REL7076, p2,13,3, , , ara_pos2_2_74_AAGAGGCA-CTCTCTAT,,,,,,
REL7124, p2,14,3, , , ara_pos2_2_82_GTAGAGGA-CTCTCTAT,,,,,,
REL7184, p2,15,3, , , ara_pos2_2_3_TAAGGCGA-TATCCTCT,,,,,,
REL7232, p2,16,3, , , ara_pos2_2_11_CGTACTAG-TATCCTCT,,,,,,
REL7280, p2,17,3, , , ara_pos2_2_19_AGGCAGAA-TATCCTCT,,,,,,
REL7330, p2,18,3, , , ara_pos2_2_27_TCCTGAGC-TATCCTCT,,,,,,
REL7420, p2,19,3, , , ara_pos2_2_35_GGACTCCT-TATCCTCT,,,,,,
REL8601, p2,20,3, , , ara_pos2_2_43_TAGGCATG-TATCCTCT,,,,,,
REL9284, p2,21,3, , , ara_pos2_2_51_CTCTCTAC-TATCCTCT,,,,,,
REL9310, p2,21.5,3, , , ara_pos2_2_91_CACGAGTT-TCCTTACG,,,,,,
REL9348, p2,22,3, , , ara_pos2_2_59_GCTACGCT-TATCCTCT,,,,,,
REL9374, p2,22.5,3, , , ara_pos2_2_67_CGAGGCTG-TATCCTCT,,,,,,
REL9407, p2,23,3, , , ara_pos2_2_75_AAGAGGCA-TATCCTCT,,,,,,
REL10107, p2,23.5,3, , , ara_pos2_2_83_GTAGAGGA-TATCCTCT,,,,,,
REL10132, p2,24,3, , , ara_pos2_2_4_TAAGGCGA-AGAGTAGA,,,,,,
REL10157, p2,24.5,3, , , ara_pos2_2_12_CGTACTAG-AGAGTAGA,,,,,,
REL10182, p2,25,3, , , ara_pos2_2_20_AGGCAGAA-AGAGTAGA,,,,,,
REL10206, p2,25.5,3, , , ara_pos2_2_28_TCCTGAGC-AGAGTAGA,,,,,,
REL10230, p2,26,3, , , ara_pos2_2_36_GGACTCCT-AGAGTAGA,,,,,,
REL10256, p2,26.5,3, , , ara_pos2_2_44_TAGGCATG-AGAGTAGA,,,,,,
REL10280, p2,27,3, , , ara_pos2_2_52_CTCTCTAC-AGAGTAGA,,,,,,
REL10293, p2,27.5,3, , , ara_pos2_2_92_CACGAGTT-ACGCGTGG,,,,,,
REL10311, p2,28,3, , , ara_pos2_2_60_GCTACGCT-AGAGTAGA,,,,,,
REL10326, p2,28.5,3, , , ara_pos2_2_68_CGAGGCTG-AGAGTAGA,,,,,,
REL10344, p2,29,3, , , ara_pos2_2_76_AAGAGGCA-AGAGTAGA,,,,,,
REL10374, p2,29.5,3, , , ara_pos2_2_84_GTAGAGGA-AGAGTAGA,,,,,,
REL10386, p2,30,3, , , ara_pos2_2_5_TAAGGCGA-GTAAGGAG,,,,,,
REL10427, p2,30.5,3, , , ara_pos2_2_13_CGTACTAG-GTAAGGAG,,,,,,
REL10442, p2,31,3, , , ara_pos2_2_21_AGGCAGAA-GTAAGGAG,,,,,,
REL10460, p2,31.5,3, , , ara_pos2_2_29_TCCTGAGC-GTAAGGAG,,,,,,
REL10472, p2,32,3, , , ara_pos2_2_37_GGACTCCT-GTAAGGAG,,,,,,
REL10484, p2,32.5,3, , , ara_pos2_2_45_TAGGCATG-GTAAGGAG,,,,,,
REL10496, p2,33,3, , , ara_pos2_2_53_CTCTCTAC-GTAAGGAG,,,,,,
REL10507, p2,33.5,3, , , ara_pos2_2_93_CACGAGTT-GGAACTCC,,,,,,
REL10566, p2,34,3, , , ara_pos2_2_61_GCTACGCT-GTAAGGAG,,,,,,
REL10598, p2,34.5,3, , , ara_pos2_2_69_CGAGGCTG-GTAAGGAG,,,,,,
REL10701, p2,35,3, , , ara_pos2_2_77_AAGAGGCA-GTAAGGAG,,,,,,
REL10754, p2,35.5,3, , , ara_pos2_2_85_GTAGAGGA-GTAAGGAG,,,,,,
REL10788, p2,36,3, , , ara_pos2_2_6_TAAGGCGA-ACTGCATA,,,,,,
REL10815, p2,36.5,3, , , ara_pos2_2_14_CGTACTAG-ACTGCATA,,,,,,
REL10837, p2,37,3, , , ara_pos2_2_22_AGGCAGAA-ACTGCATA,,,,,,
REL10859, p2,37.5,3, , , ara_pos2_2_30_TCCTGAGC-ACTGCATA,,,,,,
REL10876, p2,38,3, , , ara_pos2_2_38_GGACTCCT-ACTGCATA,,,,,,
REL10889, p2,38.5,3, , , ara_pos2_2_46_TAGGCATG-ACTGCATA,,,,,,
REL10907, p2,39,3, , , ara_pos2_2_54_CTCTCTAC-ACTGCATA,,,,,,
REL10920, p2,39.5,3, , , ara_pos2_2_94_CACGAGTT-TGGCCATG,,,,,,
REL10933, p2,40,3, , , ara_pos2_2_62_GCTACGCT-ACTGCATA,,,,,,
REL10974, p2,40.5,3, , , ara_pos2_2_70_CGAGGCTG-ACTGCATA,,,,,,
REL110000, p2,41,3, , , ara_pos2_2_78_AAGAGGCA-ACTGCATA,,,,,,
REL11018, p2,41.5,3, , , ara_pos2_2_86_GTAGAGGA-ACTGCATA,,,,,,
REL11030, p2,42,3, , , ara_pos2_2_7_TAAGGCGA-AAGGAGTA,,,,,,
REL11044, p2,42.5,3, , , ara_pos2_2_15_CGTACTAG-AAGGAGTA,,,,,,
REL11056, p2,43,3, , , ara_pos2_2_23_AGGCAGAA-AAGGAGTA,,,,,,
REL11084, p2,43.5,3, , , ara_pos2_2_31_TCCTGAGC-AAGGAGTA,,,,,,
REL11096, p2,44,3, , , ara_pos2_2_39_GGACTCCT-AAGGAGTA,,,,,,
REL11108, p2,44.5,3, , , ara_pos2_2_47_TAGGCATG-AAGGAGTA,,,,,,
REL11123, p2,45,3, , , ara_pos2_2_55_CTCTCTAC-AAGGAGTA,,,,,,
REL11156, p2,45.5,3, , , ara_pos2_2_95_CACGAGTT-GAGAGATT,,,,,,
REL11177, p2,46,3, , , ara_pos2_2_63_GCTACGCT-AAGGAGTA,,,,,,
REL11207, p2,47,3, , , ara_pos2_2_71_CGAGGCTG-AAGGAGTA,,,,,,
REL11277, p2,48,3, , , ara_pos2_2_79_AAGAGGCA-AAGGAGTA,,,,,,
REL11289, p2,48.5,3, , , ara_pos2_2_87_GTAGAGGA-AAGGAGTA,,,,,,
REL11313, p2,49.5,3, , , ara_pos2_2_8_TAAGGCGA-CTAAGCCT,,,,,,
REL11359, p2,50.5,3, , , ara_pos2_2_16_CGTACTAG-CTAAGCCT,,,,,,
REL11403, p2,51.5,3, , , ara_pos2_2_24_AGGCAGAA-CTAAGCCT,,,,,,
REL11427, p2,52.5,3, , , ara_pos2_2_32_TCCTGAGC-CTAAGCCT,,,,,,
REL11451, p2,53.5,3, , , ara_pos2_2_40_GGACTCCT-CTAAGCCT,,,,,,
REL11478, p2,54.5,3, , , ara_pos2_2_48_TAGGCATG-CTAAGCCT,,,,,,
REL11523, p2,55.5,3, , , ara_pos2_2_56_CTCTCTAC-CTAAGCCT,,,,,,
REL11572, p2,56.5,3, , , ara_pos2_2_96_CACGAGTT-CGCGGTTA,,,,,,
REL11620, p2,57.5,3, , , ara_pos2_2_64_GCTACGCT-CTAAGCCT,,,,,,
REL11647, p2,58.5,3, , , ara_pos2_2_72_CGAGGCTG-CTAAGCCT,,,,,,
REL11673, p2,59.5,3, , , ara_pos2_2_80_AAGAGGCA-CTAAGCCT,,,,,,
REL11720, p2,60.5,3, , , ara_pos2_2_88_GTAGAGGA-CTAAGCCT,,,,,,
REL764, m3;m7;m8,0.5,4, , , ara_3_1_TAAGGCGA-GGCTACTC,,,,,,
REL966, m3;m7;m8,1,4, , , ara_3_9_CGTACTAG-GGCTACTC,,,,,,
REL1070, m3;m7;m8,1.5,4, , , ara_3_17_AGGCAGAA-GGCTACTC,,,,,,
REL1166, m3;m7;m8,2,4, , , ara_3_25_TCCTGAGC-GGCTACTC,,,,,,
REL1284, m3;m7;m8,2.5,4, , , ara_3_33_GGACTCCT-GGCTACTC,,,,,,
REL1485, m3;m7;m8,3,4, , , ara_3_41_TAGGCATG-GGCTACTC,,,,,,
REL1667, m3;m7;m8,3.5,4, , , ara_3_49_CTCTCTAC-GGCTACTC,,,,,,
REL1892, m3;m7;m8,4,4, , , ara_3_57_CAGAGAGG-GGCTACTC,,,,,,
REL2086, m3;m7;m8,4.5,4, , , ara_3_65_GCTACGCT-GGCTACTC,,,,,,
REL2181, m3;m7;m8,5,4, , , ara_3_73_CGAGGCTG-GGCTACTC,,,,,,
REL2238, m3;m7;m8,5.5,4, , , ara_3_81_AAGAGGCA-GGCTACTC,,,,,,
REL2334, m3;m7;m8,6,4, , , ara_3_89_GTAGAGGA-GGCTACTC,,,,,,
REL2393, m3;m7;m8,6.5,4, , , ara_3_2_TAAGGCGA-CCTCAGAC,,,,,,
REL2533, m3;m7;m8,7,4, , , ara_3_10_CGTACTAG-CCTCAGAC,,,,,,
REL2777, m3;m7;m8,7.5,4, , , ara_3_18_AGGCAGAA-CCTCAGAC,,,,,,
REL3289, m3;m7;m8,8,4, , , ara_3_26_TCCTGAGC-CCTCAGAC,,,,,,
REL4019, m3;m7;m8,8.5,4, , , ara_3_34_GGACTCCT-CCTCAGAC,,,,,,
REL4340, m3;m7;m8,9,4, , , ara_3_42_TAGGCATG-CCTCAGAC,,,,,,
REL4460, m3;m7;m8,9.5,4, , , ara_3_50_CTCTCTAC-CCTCAGAC,,,,,,
REL4538, m3;m7;m8,10,4, , , ara_3_58_CAGAGAGG-CCTCAGAC,,,,,,
REL6274, m3;m7;m8,11,4, , , ara_3_66_GCTACGCT-CCTCAGAC,,,,,,
REL6866, m3;m7;m8,12,4, , , ara_3_74_CGAGGCTG-CCTCAGAC,,,,,,
REL7071, m3;m7;m8,13,4, , , ara_3_82_AAGAGGCA-CCTCAGAC,,,,,,
REL7119, m3;m7;m8,14,4, , , ara_3_90_GTAGAGGA-CCTCAGAC,,,,,,
REL7179, m3;m7;m8,15,4, , , ara_3_3_TAAGGCGA-TCCTTACG,,,,,,
REL7227, m3;m7;m8,16,4, , , ara_3_11_CGTACTAG-TCCTTACG,,,,,,
REL7275, m3;m7;m8,17,4, , , ara_3_19_AGGCAGAA-TCCTTACG,,,,,,
REL7325, m3;m7;m8,18,4, , , ara_3_27_TCCTGAGC-TCCTTACG,,,,,,
REL7415, m3;m7;m8,19,4, , , ara_3_35_GGACTCCT-TCCTTACG,,,,,,
REL8595, m3;m7;m8,20,4, , , ara_3_43_TAGGCATG-TCCTTACG,,,,,,
REL9278, m3;m7;m8,21,4, , , ara_3_51_CTCTCTAC-TCCTTACG,,,,,,
REL9304, m3;m7;m8,21.5,4, , , ara_3_59_CAGAGAGG-TCCTTACG,,,,,,
REL9342, m3;m7;m8,22,4, , , ara_3_67_GCTACGCT-TCCTTACG,,,,,,
REL9368, m3;m7;m8,22.5,4, , , ara_3_75_CGAGGCTG-TCCTTACG,,,,,,
REL9402, m3;m7;m8,23,4, , , ara_3_83_AAGAGGCA-TCCTTACG,,,,,,
REL10102, m3;m7;m8,23.5,4, , , ara_3_91_GTAGAGGA-TCCTTACG,,,,,,
REL10127, m3;m7;m8,24,4, , , ara_3_4_TAAGGCGA-ACGCGTGG,,,,,,
REL10152, m3;m7;m8,24.5,4, , , ara_3_12_CGTACTAG-ACGCGTGG,,,,,,
REL10177, m3;m7;m8,25,4, , , ara_3_20_AGGCAGAA-ACGCGTGG,,,,,,
REL10201, m3;m7;m8,25.5,4, , , ara_3_28_TCCTGAGC-ACGCGTGG,,,,,,
REL10225, m3;m7;m8,26,4, , , ara_3_36_GGACTCCT-ACGCGTGG,,,,,,
REL10251, m3;m7;m8,26.5,4, , , ara_3_44_TAGGCATG-ACGCGTGG,,,,,,
REL10275, m3;m7;m8,27,4, , , ara_3_52_CTCTCTAC-ACGCGTGG,,,,,,
REL10288, m3;m7;m8,27.5,4, , , ara_3_60_CAGAGAGG-ACGCGTGG,,,,,,
REL10306, m3;m7;m8,28,4, , , ara_3_68_GCTACGCT-ACGCGTGG,,,,,,
REL10321, m3;m7;m8,28.5,4, , , ara_3_76_CGAGGCTG-ACGCGTGG,,,,,,
REL10339, m3;m7;m8,29,4, , , ara_3_84_AAGAGGCA-ACGCGTGG,,,,,,
REL10369, m3;m7;m8,29.5,4, , , ara_3_92_GTAGAGGA-ACGCGTGG,,,,,,
REL10381, m3;m7;m8,30,4, , , ara_3_5_TAAGGCGA-GGAACTCC,,,,,,
REL10422, m3;m7;m8,30.5,4, , , ara_3_13_CGTACTAG-GGAACTCC,,,,,,
REL10437, m3;m7;m8,31,4, , , ara_3_21_AGGCAGAA-GGAACTCC,,,,,,
REL10455, m3;m7;m8,31.5,4, , , ara_3_29_TCCTGAGC-GGAACTCC,,,,,,
REL10467, m3;m7;m8,32,4, , , ara_3_37_GGACTCCT-GGAACTCC,,,,,,
REL10479, m3;m7;m8,32.5,4, , , ara_3_45_TAGGCATG-GGAACTCC,,,,,,
REL10491, m3;m7;m8,33,4, , , ara_3_53_CTCTCTAC-GGAACTCC,,,,,,
REL10561, m3;m7;m8,33.5,4, , , ara_3_61_CAGAGAGG-GGAACTCC,,,,,,
REL10593, m3;m7;m8,34,4, , , ara_3_69_GCTACGCT-GGAACTCC,,,,,,
REL10696, m3;m7;m8,34.5,4, , , ara_3_77_CGAGGCTG-GGAACTCC,,,,,,
REL10749, m3;m7;m8,35,4, , , ara_3_85_AAGAGGCA-GGAACTCC,,,,,,
REL10783, m3;m7;m8,35.5,4, , , ara_3_93_GTAGAGGA-GGAACTCC,,,,,,
REL10810, m3;m7;m8,36,4, , , ara_3_6_TAAGGCGA-TGGCCATG,,,,,,
REL10832, m3;m7;m8,36.5,4, , , ara_3_14_CGTACTAG-TGGCCATG,,,,,,
REL10854, m3;m7;m8,37,4, , , ara_3_22_AGGCAGAA-TGGCCATG,,,,,,
REL10871, m3;m7;m8,37.5,4, , , ara_3_30_TCCTGAGC-TGGCCATG,,,,,,
REL10884, m3;m7;m8,38,4, , , ara_3_38_GGACTCCT-TGGCCATG,,,,,,
REL10902, m3;m7;m8,38.5,4, , , ara_3_46_TAGGCATG-TGGCCATG,,,,,,
REL10915, m3;m7;m8,39,4, , , ara_3_54_CTCTCTAC-TGGCCATG,,,,,,
REL10928, m3;m7;m8,39.5,4, , , ara_3_62_CAGAGAGG-TGGCCATG,,,,,,
REL10969, m3;m7;m8,40,4, , , ara_3_70_GCTACGCT-TGGCCATG,,,,,,
REL10995, m3;m7;m8,40.5,4, , , ara_3_78_CGAGGCTG-TGGCCATG,,,,,,
REL11013, m3;m7;m8,41,4, , , ara_3_86_AAGAGGCA-TGGCCATG,,,,,,
REL11025, m3;m7;m8,41.5,4, , , ara_3_94_GTAGAGGA-TGGCCATG,,,,,,
REL11039, m3;m7;m8,42,4, , , ara_3_7_TAAGGCGA-GAGAGATT,,,,,,
REL11051, m3;m7;m8,42.5,4, , , ara_3_15_CGTACTAG-GAGAGATT,,,,,,
REL11079, m3,43,4, , , ara_3_23_AGGCAGAA-GAGAGATT,,,,,,
REL11091, m3,43.5,4, , , ara_3_31_TCCTGAGC-GAGAGATT,,,,,,
REL11103, m3,44,4, , , ara_3_39_GGACTCCT-GAGAGATT,,,,,,
REL11118, m3,44.5,4, , , ara_3_47_TAGGCATG-GAGAGATT,,,,,,
REL11151, m3,45,4, , , ara_3_55_CTCTCTAC-GAGAGATT,,,,,,
REL11172, m3,45.5,4, , , ara_3_63_CAGAGAGG-GAGAGATT,,,,,,
REL11190, m3,46,4, , , ara_3_71_GCTACGCT-GAGAGATT,,,,,,
REL11217, m3,47,4, , , ara_3_79_CGAGGCTG-GAGAGATT,,,,,,
REL11284, m3,48,4, , , ara_3_87_AAGAGGCA-GAGAGATT,,,,,,
REL11296, m3,48.5,4, , , ara_3_95_GTAGAGGA-GAGAGATT,,,,,,
REL11320, m3,49.5,4, , , ara_3_8_TAAGGCGA-CGCGGTTA,,,,,,
REL11379, m3,50.5,4, , , ara_3_16_CGTACTAG-CGCGGTTA,,,,,,
REL11410, m3,51.5,4, , , ara_3_24_AGGCAGAA-CGCGGTTA,,,,,,
REL11434, m3,52.5,4, , , ara_3_32_TCCTGAGC-CGCGGTTA,,,,,,
REL11458, m3,53.5,4, , , ara_3_40_GGACTCCT-CGCGGTTA,,,,,,
REL11485, m3,54.5,4, , , ara_3_48_TAGGCATG-CGCGGTTA,,,,,,
REL11539, m3,55.5,4, , , ara_3_56_CTCTCTAC-CGCGGTTA,,,,,,
REL11601, m3,56.5,4, , , ara_3_64_CAGAGAGG-CGCGGTTA,,,,,,
REL11627, m3,57.5,4, , , ara_3_72_GCTACGCT-CGCGGTTA,,,,,,
REL11654, m3,58.5,4, , , ara_3_80_CGAGGCTG-CGCGGTTA,,,,,,
REL11680, m3,59.5,4, , , ara_3_88_AAGAGGCA-CGCGGTTA,,,,,,
REL11760, m3,60.5,4, , , ara_3_96_GTAGAGGA-CGCGGTTA,,,,,,
REL767, m6,0.5,5,1, , CL4_1_TAAGGCGA-TAGATCGC,,,,,,
REL969, m6,1,5,2, , CL4_1_TAAGGCGA-CTCTCTAT,,,,,,
REL1073, m6,1.5,5,3, , CL4_1_AGGACCGC-GTCATTGA,,,,,,
REL1169, m6,2,5,4, , CL4_1_TAAGGCGA-AGAGTAGA,,,,,,
REL1287, m6,2.5,5,5, , CL4_1_TAAGGCGA-GTAAGGAG,,,,,,
REL1488, m6,3,5,6, , CL4_1_TAAGGCGA-ACTGCATA,,,,,,
REL1670, m6,3.5,5,7, , CL4_1_TAAGGCGA-AAGGAGTA,,,,,,
REL1895, m6,4,5,8, , CL4_1_TAAGGCGA-CTAAGCCT,,,,,,
REL2089, m6,4.5,5,9, , CL4_1_CGTACTAG-TAGATCGC,,,,,,
REL2184, m6,5,5,10, , CL4_1_GTCCGATT-GTCATTGA,,,,,,
REL2241, m6,5.5,5,11, , CL4_1_CACGAGTT-GTCATTGA,,,,,,
REL2337, m6,6,5,12, , CL4_1_CGTACTAG-AGAGTAGA,,,,,,
REL2396, m6,6.5,5,13, , CL4_1_CGTACTAG-GTAAGGAG,,,,,,
REL2536, m6,7,5,14, , CL4_1_CGTACTAG-ACTGCATA,,,,,,
REL2780, m6,7.5,5,15, , CL4_1_CGTACTAG-AAGGAGTA,,,,,,
REL3292, m6,8,5,16, , CL4_1_CGTACTAG-CTAAGCCT,,,,,,
REL4022, m6,8.5,5,17, , CL4_1_CCACGGCC-GTCATTGA,,,,,,
REL4343, m6,9,5,18, , CL4_1_ACATGTAA-GTCATTGA,,,,,,
REL4463, m6,9.5,5,19, , CL4_1_AGGCAGAA-TATCCTCT,,,,,,
REL4541, m6,10,5,20, , CL4_1_AGGCAGAA-AGAGTAGA,,,,,,
REL5702, m6,10.5,5,21, , CL4_1_AGGCAGAA-GTAAGGAG,,,,,,
REL6280, m6,11,5,22, , CL4_1_AGGCAGAA-ACTGCATA,,,,,,
REL6727, m6,11.5,5,23, , CL4_1_AGGCAGAA-AAGGAGTA,,,,,,
REL6872, m6,12,5,24, , CL4_1_TGTTAACT-GTCATTGA,,,,,,
REL7012, m6,12.5,5,25, , CL4_1_TCCTGAGC-TAGATCGC,,,,,,
REL7074, m6,13,5,26, , CL4_1_TCCTGAGC-CTCTCTAT,,,,,,
REL7098, m6,13.5,5,27, , CL4_1_TCCTGAGC-TATCCTCT,,,,,,
REL7122, m6,14,5,28, , CL4_1_TCCTGAGC-AGAGTAGA,,,,,,
REL7146, m6,14.5,5,29, , CL4_1_TCCTGAGC-GTAAGGAG,,,,,,
REL7182, m6,15,5,30, , CL4_1_TCCTGAGC-ACTGCATA,,,,,,
REL7206, m6,15.5,5,31, , CL4_1_TCCTGAGC-AAGGAGTA,,,,,,
REL7230, m6,16,5,32, , CL4_1_TCCTGAGC-CTAAGCCT,,,,,,
REL7254, m6,16.5,5,33, , CL4_1_GGACTCCT-TAGATCGC,,,,,,
REL7278, m6,17,5,34, , CL4_1_AGGACCGC-GCATCGTT,,,,,,
REL7303, m6,17.5,5,35, , CL4_1_GGACTCCT-TATCCTCT,,,,,,
REL7328, m6,18,5,36, , CL4_1_GGACTCCT-AGAGTAGA,,,,,,
REL7389, m6,18.5,5,37, , CL4_1_GGACTCCT-GTAAGGAG,,,,,,
REL7418, m6,19,5,38, , CL4_1_GGACTCCT-ACTGCATA,,,,,,
REL7725, m6,19.5,5,39, , CL4_1_GGACTCCT-AAGGAGTA,,,,,,
REL8598, m6,20,5,40, , CL4_1_GGACTCCT-CTAAGCCT,,,,,,
REL9281, m6,20.5,5,41, , CL4_1_GTCCGATT-GCATCGTT,,,,,,
REL928X, m6,21,5,42, , CL4_1_CACGAGTT-GCATCGTT,,,,,,
REL9307, m6,21.5,5,43, , CL4_1_CCACGGCC-GCATCGTT,,,,,,
REL9405, m6,22,5,44, , CL4_1_ACATGTAA-GCATCGTT,,,,,,
REL10105, m6,22.5,5,45, , CL4_1_TAGGCATG-GTAAGGAG,,,,,,
REL10130, m6,23,5,46, , CL4_1_TGTTAACT-GCATCGTT,,,,,,
REL10155, m6,23.5,5,47, , CL4_1_TAGGCATG-AAGGAGTA,,,,,,
REL10180, m6,24,5,48, , CL4_1_TAGGCATG-CTAAGCCT,,,,,,
REL10204, m6,24.5,5,49, , CL4_1_AGGACCGC-AGGTTGAC,,,,,,
REL10228, m6,25,5,50, , CL4_1_GTCCGATT-AGGTTGAC,,,,,,
REL10254, m6,25.5,5,51, , CL4_1_CACGAGTT-AGGTTGAC,,,,,,
REL10278, m6,26,5,52, , CL4_1_CCACGGCC-AGGTTGAC,,,,,,
REL10291, m6,26.5,5,53, , CL4_1_CTCTCTAC-GTAAGGAG,,,,,,
REL10309, m6,27,5,54, , CL4_1_CTCTCTAC-ACTGCATA,,,,,,
REL10324, m6,27.5,5,55, , CL4_1_CTCTCTAC-AAGGAGTA,,,,,,
REL10342, m6,28,5,56, , CL4_1_CTCTCTAC-CTAAGCCT,,,,,,
REL10372, m6,28.5,5,57, , CL4_1_CAGAGAGG-TAGATCGC,,,,,,
REL10384, m6,29,5,58, , CL4_1_CAGAGAGG-CTCTCTAT,,,,,,
REL10425, m6,29.5,5,59, , CL4_1_CAGAGAGG-TATCCTCT,,,,,,
REL10440, m6,30,5,60, , CL4_1_ACATGTAA-AGGTTGAC,,,,,,
REL10458, m6,30.5,5,61, , CL4_1_CAGAGAGG-GTAAGGAG,,,,,,
REL10470, m6,31,5,62, , CL4_1_CAGAGAGG-ACTGCATA,,,,,,
REL10482, m6,31.5,5,63, , CL4_1_CAGAGAGG-AAGGAGTA,,,,,,
REL10494, m6,32,5,64, , CL4_1_CAGAGAGG-CTAAGCCT,,,,,,
REL10505, m6,32.5,5,65, , CL4_1_TGTTAACT-AGGTTGAC,,,,,,
REL10564, m6,33,5,66, , CL4_1_AGGACCGC-TGAAACTG,,,,,,
REL10596, m6,33.5,5,67, , CL4_1_GTCCGATT-TGAAACTG,,,,,,
REL10699, m6,34,5,68, , CL4_1_CACGAGTT-TGAAACTG,,,,,,
REL10752, m6,34.5,5,69, , CL4_1_GCTACGCT-GTAAGGAG,,,,,,
REL10786, m6,35,5,70, , CL4_1_GCTACGCT-ACTGCATA,,,,,,
REL10813, m6,35.5,5,71, , CL4_1_GCTACGCT-AAGGAGTA,,,,,,
REL10835, m6,36,5,72, , CL4_1_GCTACGCT-CTAAGCCT,,,,,,
REL10857, m6,36.5,5,73, , CL4_1_CCACGGCC-TGAAACTG,,,,,,
REL10874, m6,37,5,74, , CL4_1_CGAGGCTG-CTCTCTAT,,,,,,
REL10887, m6,37.5,5,75, , CL4_1_CGAGGCTG-TATCCTCT,,,,,,
REL10905, m6,38,5,76, , CL4_1_CGAGGCTG-AGAGTAGA,,,,,,
REL10918, m6,38.5,5,77, , CL4_1_CGAGGCTG-GTAAGGAG,,,,,,
REL10931, m6,39,5,78, , CL4_1_ACATGTAA-TGAAACTG,,,,,,
REL10972, m6,39.5,5,79, , CL4_1_CGAGGCTG-AAGGAGTA,,,,,,
REL10998, m6,40,5,80, , CL4_1_TGTTAACT-TGAAACTG,,,,,,
REL11016, m6,40.5,5,81, , CL4_1_AAGAGGCA-TAGATCGC,,,,,,
REL11028, m6,41,5,82, , CL4_1_AAGAGGCA-CTCTCTAT,,,,,,
REL11042, m6,41.5,5,83, , CL4_1_AGGACCGC-CAATCACA,,,,,,
REL11054, m6,42,5,84, , CL4_1_GTCCGATT-CAATCACA,,,,,,
REL11082, m6,42.5,5,85, , CL4_1_AAGAGGCA-GTAAGGAG,,,,,,
REL11094, m6,43,5,86, , CL4_1_CACGAGTT-CAATCACA,,,,,,
REL11106, m6,43.5,5,87, , CL4_1_CCACGGCC-CAATCACA,,,,,,
REL11121, m6,44,5,88, , CL4_1_ACATGTAA-CAATCACA,,,,,,
REL11154, m6,44.5,5,89, , CL4_1_GTAGAGGA-TAGATCGC,,,,,,
REL11175, m6,45,5,90, , CL4_1_GTAGAGGA-CTCTCTAT,,,,,,
REL11193, m6,45.5,5,91, , CL4_1_GTAGAGGA-TATCCTCT,,,,,,
REL11205, m6,46,5,92, , CL4_1_GTAGAGGA-AGAGTAGA,,,,,,
REL11220, m6,46.5,5,93, , CL4_1_GTAGAGGA-GTAAGGAG,,,,,,
REL11275, m6,47,5,94, , CL4_1_GTAGAGGA-ACTGCATA,,,,,,
REL11287, m6,47.5,5,95, , CL4_1_GTAGAGGA-AAGGAGTA,,,,,,
REL11299, m6,48,5,96, , CL4_1_GTAGAGGA-CTAAGCCT,,,,,,
REL11311, m6,48.5,5,97, , CL4_1_TAAGGCGA-GACCGCCA,,,,,,
REL11323, m6,49,5,98, , CL4_1_TAAGGCGA-TAAGATGG,,,,,,
REL11357, m6,49.5,5,99, , CL4_1_TAAGGCGA-ATTGACAT,,,,,,
REL11382, m6,50,5,100, , CL4_1_TAAGGCGA-AGCCAACT,,,,,,
REL11401, m6,50.5,5,101, , CL4_1_TAAGGCGA-TACTAGGT,,,,,,
REL11413, m6,51,5,102, , CL4_1_TAAGGCGA-TCACGGTT,,,,,,
REL11425, m6,51.5,5,103, , CL4_1_TAAGGCGA-TGTAATGA,,,,,,
REL11437, m6,52,5,104, , CL4_1_TAAGGCGA-CACGTCAG,,,,,,
REL11449, m6,52.5,5,105, , CL4_1_TGTTAACT-CAATCACA,,,,,,
REL11461, m6,53,5,106, , CL4_1_AGGACCGC-ACATGCAA,,,,,,
REL11476, m6,53.5,5,107, , CL4_1_GTCCGATT-ACATGCAA,,,,,,
REL11488, m6,54,5,108, , CL4_1_CGTACTAG-AGCCAACT,,,,,,
REL11521, m6,54.5,5,109, , CL4_1_CGTACTAG-TACTAGGT,,,,,,
REL11542, m6,55,5,110, , CL4_1_CGTACTAG-TCACGGTT,,,,,,
REL11570, m6,55.5,5,111, , CL4_1_CGTACTAG-TGTAATGA,,,,,,
REL11604, m6,56,5,112, , CL4_1_CGTACTAG-CACGTCAG,,,,,,
REL11617, m6,56.5,5,113, , CL4_1_AGGCAGAA-GACCGCCA,,,,,,
REL11630, m6,57,5,114, , CL4_1_AGGCAGAA-TAAGATGG,,,,,,
REL11644, m6,57.5,5,115, , CL4_1_AGGCAGAA-ATTGACAT,,,,,,
REL11657, m6,58,5,116, , CL4_1_AGGCAGAA-AGCCAACT,,,,,,
REL11670, m6,58.5,5,117, , CL4_1_AGGCAGAA-TACTAGGT,,,,,,
REL11683, m6,59,5,118, , CL4_1_AGGCAGAA-TCACGGTT,,,,,,
REL11717, m6,59.5,5,119, , CL4_1_AGGCAGAA-TGTAATGA,,,,,,
REL11763, m6,60,5,120, , CL4_1_AGGCAGAA-CACGTCAG,,,,,,
REL766, m5,0.5,5,121, , CL4_1_CACGAGTT-ACATGCAA,,,,,,
REL968, m5,1,5,122, , CL4_1_TCCTGAGC-TAAGATGG,,,,,,
REL1072, m5,1.5,5,123, , CL4_1_CCACGGCC-ACATGCAA,,,,,,
REL1669, m5,3.5,5,124, , CL4_1_TCCTGAGC-AGCCAACT,,,,,,
REL2183, m5,5,5,125, , CL4_1_TCCTGAGC-TACTAGGT,,,,,,
REL4342, m5,9,5,126, , CL4_1_ACATGTAA-ACATGCAA,,,,,,
REL6278, m5,11,5,127, , CL4_1_TCCTGAGC-TGTAATGA,,,,,,
REL7121, m5,14,5,128, , CL4_1_TCCTGAGC-CACGTCAG,,,,,,
REL7181, m5,15,5,129, , CL4_1_GGACTCCT-GACCGCCA,,,,,,
REL7253, m5,16.5,5,130, , CL4_1_GGACTCCT-TAAGATGG,,,,,,
REL7277, m5,17,5,131, , CL4_1_GGACTCCT-ATTGACAT,,,,,,
REL7302, m5,17.5,5,132, , CL4_1_GGACTCCT-AGCCAACT,,,,,,
REL7724, m5,19.5,5,133, , CL4_1_GGACTCCT-TACTAGGT,,,,,,
REL9370, m5,22.5,5,134, , CL4_1_GGACTCCT-TCACGGTT,,,,,,
REL9404, m5,23,5,135, , CL4_1_GGACTCCT-TGTAATGA,,,,,,
REL10104, m5,23.5,5,136, , CL4_1_GGACTCCT-CACGTCAG,,,,,,
REL10179, m5,25,5,137, , CL4_1_TAGGCATG-GACCGCCA,,,,,,
REL10290, m5,27.5,5,138, , CL4_1_TAGGCATG-TAAGATGG,,,,,,
REL10341, m5,29,5,139, , CL4_1_TAGGCATG-ATTGACAT,,,,,,
REL10371, m5,29.5,5,140, , CL4_1_TAGGCATG-AGCCAACT,,,,,,
REL10383, m5,30,5,141, , CL4_1_TAGGCATG-TACTAGGT,,,,,,
REL10481, m5,32.5,5,142, , CL4_1_TAGGCATG-TCACGGTT,,,,,,
REL10595, m5,34.5,5,143, , CL4_1_TAGGCATG-TGTAATGA,,,,,,
REL10698, m5,35,5,144, , CL4_1_TAGGCATG-CACGTCAG,,,,,,
REL10751, m5,35.5,5,145, , CL4_1_CTCTCTAC-GACCGCCA,,,,,,
REL10971, m5,40.5,5,146, , CL4_1_CTCTCTAC-TAAGATGG,,,,,,
REL11015, m5,41.5,5,147, , CL4_1_CTCTCTAC-ATTGACAT,,,,,,
REL11192, m5,46.5,5,148, , CL4_1_CTCTCTAC-AGCCAACT,,,,,,
REL11219, m5,47.5,5,149, , CL4_1_CTCTCTAC-TACTAGGT,,,,,,
REL11298, m5,49,5,150, , CL4_1_CTCTCTAC-TCACGGTT,,,,,,
REL11322, m5,50,5,151, , CL4_1_TGTTAACT-ACATGCAA,,,,,,
REL11381, m5,51,5,152, , CL4_1_CTCTCTAC-CACGTCAG,,,,,,
REL11412, m5,52,5,153, , CL4_1_CAGAGAGG-GACCGCCA,,,,,,
REL11436, m5,53,5,154, , CL4_1_CAGAGAGG-TAAGATGG,,,,,,
REL11460, m5,54,5,155, , CL4_1_CAGAGAGG-ATTGACAT,,,,,,
REL11487, m5,55,5,156, , CL4_1_CAGAGAGG-AGCCAACT,,,,,,
REL11541, m5,56,5,157, , CL4_1_CAGAGAGG-TACTAGGT,,,,,,
REL11603, m5,57,5,158, , CL4_1_CAGAGAGG-TCACGGTT,,,,,,
REL11629, m5,58,5,159, , CL4_1_AGGACCGC-ATCGCGCC,,,,,,
REL1885, p2,4,5,160, , CL4_1_GTCCGATT-ATCGCGCC,,,,,,
REL4531, p2,10,5,161, , CL4_1_GCTACGCT-GACCGCCA,,,,,,
REL5695, p2,10.5,5,162, , CL4_1_GCTACGCT-TAAGATGG,,,,,,
REL6720, p2,11.5,5,163, , CL4_1_GCTACGCT-ATTGACAT,,,,,,
REL7014, p2,12.5,5,164, , CL4_1_GCTACGCT-AGCCAACT,,,,,,
REL7100, p2,13.5,5,165, , CL4_1_CACGAGTT-ATCGCGCC,,,,,,
REL7148, p2,14.5,5,166, , CL4_1_CCACGGCC-ATCGCGCC,,,,,,
REL7028, p2,15.5,5,167, , CL4_1_ACATGTAA-ATCGCGCC,,,,,,
REL7256, p2,16.5,5,168, , CL4_1_TGTTAACT-ATCGCGCC,,,,,,
REL7305, p2,17.5,5,169, , CL4_1_CGAGGCTG-GACCGCCA,,,,,,
REL7391, p2,18.5,5,170, , CL4_1_CGAGGCTG-TAAGATGG,,,,,,
REL7727, p2,19.5,5,171, , CL4_1_CGAGGCTG-ATTGACAT,,,,,,
REL9258, p2,20.5,5,172, , CL4_1_CGAGGCTG-AGCCAACT,,,,,,
REL9310, p2,21.5,5,173, , CL4_1_AGGACCGC-TCGGTTAA,,,,,,
REL10293, p2,27.5,5,174,1, CL4_1_CGAGGCTG-TCACGGTT,,,,,,
REL10507, p2,33.5,5,175, , CL4_1_GTCCGATT-TCGGTTAA,,,,,,
REL10920, p2,39.5,5,176, , CL4_1_CACGAGTT-TCGGTTAA,,,,,,
REL11156, p2,45.5,5,179,1, CL4_1_AAGAGGCA-ATTGACAT,,,,,,
REL11195, p2,46.5,5,180,1, CL4_1_AAGAGGCA-AGCCAACT,,,,,,
REL11222, p2,47.5,5,177, , CL4_1_AAGAGGCA-GACCGCCA,,,,,,
REL11301, p2,49,5,178, , CL4_1_AAGAGGCA-TAAGATGG,,,,,,
REL11325, p2,50,5,181, , CL4_1_AAGAGGCA-TACTAGGT,,,,,,
REL11384, p2,51,5,182, , CL4_1_AAGAGGCA-TCACGGTT,,,,,,
REL11415, p2,52,5,183, , CL4_1_AAGAGGCA-TGTAATGA,,,,,,
REL11439, p2,53,5,184, , CL4_1_AAGAGGCA-CACGTCAG,,,,,,
REL11463, p2,54,5,185, , CL4_1_GTAGAGGA-GACCGCCA,,,,,,
REL11490, p2,55,5,186, , CL4_1_GTAGAGGA-TAAGATGG,,,,,,
REL11544, p2,56,5,187, , CL4_1_GTAGAGGA-ATTGACAT,,,,,,
REL11572, p2,56.5,5,188, , CL4_1_GTAGAGGA-AGCCAACT,,,,,,
REL11606, p2,57,5,189, , CL4_1_GTAGAGGA-TACTAGGT,,,,,,
REL11633, p2,58,5,190, , CL4_1_GTAGAGGA-TCACGGTT,,,,,,
REL11660, p2,59,5,191, , CL4_1_GTAGAGGA-TGTAATGA,,,,,,
REL11686, p2,60,5,192, , CL4_1_GTAGAGGA-CACGTCAG,,,,,,
REL770, p3,0.5,6,1, , batch_6_and_7_cleanup_1_TTCTTCTA-TAGATCGC,,,,,,
REL960, p3,1,6,2, , batch_6_and_7_cleanup_1_TACCTGAC-TAGATCGC,,,,,,
REL1064, p3,1.5,6,3, , batch_6_and_7_cleanup_1_AGGACCGC-TAGATCGC,,,,,,
REL1160, p3,2,6,4,1, batch_6_and_7_cleanup_1_GTCCGATT-TAGATCGC,,,,,,
REL1278, p3,2.5,6,5, , batch_6_and_7_cleanup_1_CACGAGTT-TAGATCGC,,,,,,
REL1479, p3,3,6,6, , batch_6_and_7_cleanup_1_CCACGGCC-TAGATCGC,,,,,,
REL1661, p3,3.5,6,7, , batch_6_and_7_cleanup_1_TTCTTCTA-CTCTCTAT,,,,,,
REL1886, p3,4,6,8, , batch_6_and_7_cleanup_1_TACCTGAC-CTCTCTAT,,,,,,
REL2080, p3,4.5,6,9, , batch_6_and_7_cleanup_1_AGGACCGC-CTCTCTAT,,,,,,
REL2175, p3,5,6,10, , batch_6_and_7_cleanup_1_GTCCGATT-CTCTCTAT,,,,,,
REL2232, p3,5.5,6,11, , batch_6_and_7_cleanup_1_CACGAGTT-CTCTCTAT,,,,,,
REL2328, p3,6,6,12, , batch_6_and_7_cleanup_1_CCACGGCC-CTCTCTAT,,,,,,
REL2387, p3,6.5,6,13, , batch_6_and_7_cleanup_1_TTCTTCTA-TATCCTCT,,,,,,
REL2527, p3,7,6,14, , batch_6_and_7_cleanup_1_TACCTGAC-TATCCTCT,,,,,,
REL2771, p3,7.5,6,15, , batch_6_and_7_cleanup_1_AGGACCGC-TATCCTCT,,,,,,
REL3283, p3,8,6,16, , batch_6_and_7_cleanup_1_GTCCGATT-TATCCTCT,,,,,,
REL4013, p3,8.5,6,17, , batch_6_and_7_cleanup_1_CACGAGTT-TATCCTCT,,,,,,
REL4334, p3,9,6,18, , batch_6_and_7_cleanup_1_CCACGGCC-TATCCTCT,,,,,,
REL4454, p3,9.5,6,19, , batch_6_and_7_cleanup_1_TTCTTCTA-AGAGTAGA,,,,,,
REL4532, p3,10,6,20, , batch_6_and_7_cleanup_1_TACCTGAC-AGAGTAGA,,,,,,
REL5697, p3,10.5,6,21, , batch_6_and_7_cleanup_1_AGGACCGC-AGAGTAGA,,,,,,
REL6275, p3,11,6,22, , batch_6_and_7_cleanup_1_GTCCGATT-AGAGTAGA,,,,,,
REL6722, p3,11.5,6,23, , batch_6_and_7_cleanup_1_CACGAGTT-AGAGTAGA,,,,,,
REL6867, p3,12,6,24, , batch_6_and_7_cleanup_1_CCACGGCC-AGAGTAGA,,,,,,
REL7015, p3,12.5,6,25, , batch_6_and_7_cleanup_1_TTCTTCTA-GTAAGGAG,,,,,,
REL7077, p3,13,6,26, , batch_6_and_7_cleanup_1_TACCTGAC-GTAAGGAG,,,,,,
REL7101, p3,13.5,6,27, , batch_6_and_7_cleanup_1_AGGACCGC-GTAAGGAG,,,,,,
REL7125, p3,14,6,28, , batch_6_and_7_cleanup_1_GTCCGATT-GTAAGGAG,,,,,,
REL7149, p3,14.5,6,29, , batch_6_and_7_cleanup_1_CACGAGTT-GTAAGGAG,,,,,,
REL7185, p3,15,6,30, , batch_6_and_7_cleanup_1_CCACGGCC-GTAAGGAG,,,,,,
REL7209, p3,15.5,6,31, , batch_6_and_7_cleanup_1_TTCTTCTA-ACTGCATA,,,,,,
REL7233, p3,16,6,32, , batch_6_and_7_cleanup_1_TACCTGAC-ACTGCATA,,,,,,
REL7257, p3,16.5,6,33, , batch_6_and_7_cleanup_1_AGGACCGC-ACTGCATA,,,,,,
REL7281, p3,17,6,34, , batch_6_and_7_cleanup_1_GTCCGATT-ACTGCATA,,,,,,
REL7306, p3,17.5,6,35, , batch_6_and_7_cleanup_1_CACGAGTT-ACTGCATA,,,,,,
REL7331, p3,18,6,36, , batch_6_and_7_cleanup_1_CCACGGCC-ACTGCATA,,,,,,
REL7392, p3,18.5,6,37, , batch_6_and_7_cleanup_1_TTCTTCTA-AAGGAGTA,,,,,,
REL7421, p3,19,6,38, , batch_6_and_7_cleanup_1_TACCTGAC-AAGGAGTA,,,,,,
REL7728, p3,19.5,6,39, , batch_6_and_7_cleanup_1_AGGACCGC-AAGGAGTA,,,,,,
REL8602, p3,20,6,40, , batch_6_and_7_cleanup_1_GTCCGATT-AAGGAGTA,,,,,,
REL9259, p3,20.5,6,41, , batch_6_and_7_cleanup_1_CACGAGTT-AAGGAGTA,,,,,,
REL9285, p3,21,6,42,1, batch_6_and_7_cleanup_1_CCACGGCC-AAGGAGTA,,,,,,
REL9311, p3,21.5,6,43, , batch_6_and_7_cleanup_1_TTCTTCTA-CTAAGCCT,,,,,,
REL9349, p3,22,6,44, , batch_6_and_7_cleanup_1_TACCTGAC-CTAAGCCT,,,,,,
REL9375, p3,22.5,6,45, , batch_6_and_7_cleanup_1_AGGACCGC-CTAAGCCT,,,,,,
REL9408, p3,23,6,46, , batch_6_and_7_cleanup_1_GTCCGATT-CTAAGCCT,,,,,,
REL10108, p3,23.5,6,47, , batch_6_and_7_cleanup_1_CACGAGTT-CTAAGCCT,,,,,,
REL10133, p3,24,6,48, , batch_6_and_7_cleanup_1_CCACGGCC-CTAAGCCT,,,,,,
REL10158, p3,24.5,6,49, , CL0_1_TTCTTCTA-GACCGCCA,,,,,,
REL10183, p3,25,6,50, , CL0_1_TACCTGAC-GACCGCCA,,,,,,
REL10207, p3,25.5,6,51, , CL0_1_AGGACCGC-GACCGCCA,,,,,,
REL10231, p3,26,6,52, , CL0_1_GTCCGATT-GACCGCCA,,,,,,
REL10257, p3,26.5,6,53, , CL0_1_CACGAGTT-GACCGCCA,,,,,,
REL10281, p3,27,6,54, , CL0_1_CCACGGCC-GACCGCCA,,,,,,
REL10294, p3,27.5,6,55, , CL0_1_TTCTTCTA-TAAGATGG,,,,,,
REL10312, p3,28,6,56, , CL0_1_TACCTGAC-TAAGATGG,,,,,,
REL10327, p3,28.5,6,57, , CL0_1_AGGACCGC-TAAGATGG,,,,,,
REL10345, p3,29,6,58, , CL0_1_GTCCGATT-TAAGATGG,,,,,,
REL10375, p3,29.5,6,59, , CL0_1_CACGAGTT-TAAGATGG,,,,,,
REL10387, p3,30,6,60, , CL0_1_CCACGGCC-TAAGATGG,,,,,,
REL10428, p3,30.5,6,61,1, CL0_1_TTCTTCTA-ATTGACAT,,,,,,
REL10443, p3,31,6,62, , CL0_1_TACCTGAC-ATTGACAT,,,,,,
REL10461, p3,31.5,6,63, , CL0_1_AGGACCGC-ATTGACAT,,,,,,
REL10473, p3,32,6,64, , CL0_1_GTCCGATT-ATTGACAT,,,,,,
REL10485, p3,32.5,6,65, , CL0_1_CACGAGTT-ATTGACAT,,,,,,
REL10497, p3,33,6,66, , CL0_1_CCACGGCC-ATTGACAT,,,,,,
REL10508, p3,33.5,6,67, , CL0_1_TTCTTCTA-AGCCAACT,,,,,,
REL10567, p3,34,6,68, , CL0_1_TACCTGAC-AGCCAACT,,,,,,
REL10599, p3,34.5,6,69, , CL0_1_AGGACCGC-AGCCAACT,,,,,,
REL10702, p3,35,6,70, , CL0_1_GTCCGATT-AGCCAACT,,,,,,
REL10755, p3,35.5,6,71, , CL0_1_CACGAGTT-AGCCAACT,,,,,,
REL10789, p3,36,6,72, , CL0_1_CCACGGCC-AGCCAACT,,,,,,
REL10816, p3,36.5,6,73, , CL0_1_TTCTTCTA-TACTAGGT,,,,,,
REL10838, p3,37,6,74, , CL0_1_TACCTGAC-TACTAGGT,,,,,,
REL10860, p3,37.5,6,75, , CL0_1_AGGACCGC-TACTAGGT,,,,,,
REL10877, p3,38,6,76, , CL0_1_GTCCGATT-TACTAGGT,,,,,,
REL10890, p3,38.5,6,77, , CL0_1_CACGAGTT-TACTAGGT,,,,,,
REL10908, p3,39,6,78, , CL0_1_CCACGGCC-TACTAGGT,,,,,,
REL10921, p3,39.5,6,79, , CL0_1_TTCTTCTA-TCACGGTT,,,,,,
REL10934, p3,40,6,80, , CL0_1_TACCTGAC-TCACGGTT,,,,,,
REL10975, p3,40.5,6,81,1, CL0_1_AGGACCGC-TCACGGTT,,,,,,
REL11001, p3,41,6,82, , CL0_1_GTCCGATT-TCACGGTT,,,,,,
REL11019, p3,41.5,6,83, , CL0_1_CACGAGTT-TCACGGTT,,,,,,
REL11031, p3,42,6,84, , CL0_1_CCACGGCC-TCACGGTT,,,,,,
REL11045, p3,42.5,6,85, , CL0_1_TTCTTCTA-TGTAATGA,,,,,,
REL11057, p3,43,6,86,1, CL0_1_TACCTGAC-TGTAATGA,,,,,,
REL11085, p3,43.5,6,87, , CL0_1_AGGACCGC-TGTAATGA,,,,,,
REL11097, p3,44,6,88, , CL0_1_GTCCGATT-TGTAATGA,,,,,,
REL11109, p3,44.5,6,89, , CL0_1_CACGAGTT-TGTAATGA,,,,,,
REL11124, p3,45,6,90, , CL0_1_CCACGGCC-TGTAATGA,,,,,,
REL11157, p3,45.5,6,91,1, CL0_1_TTCTTCTA-CACGTCAG,,,,,,
REL11178, p3,46,6,92, , CL0_1_TACCTGAC-CACGTCAG,,,,,,
REL11196, p3,46.5,6,93, , CL0_1_AGGACCGC-CACGTCAG,,,,,,
REL11208, p3,47,6,94, , CL0_1_GTCCGATT-CACGTCAG,,,,,,
REL11223, p3,47.5,6,95, , CL0_1_CACGAGTT-CACGTCAG,,,,,,
REL11278, p3,48,6,96, , CL0_1_CCACGGCC-CACGTCAG,,,,,,
REL9285, p3,21,7,1, , batch_6_and_7_cleanup_1_TGTTAACT-GACCGCCA,,,,,,
REL10428, p3,30.5,7,2, , batch_6_and_7_cleanup_1_ACATGTAA-GACCGCCA,,,,,,
REL10975, p3,40.5,7,3, , batch_6_and_7_cleanup_1_CCACGGCC-GACCGCCA,,,,,,
REL11057, p3,43,7,4, , batch_6_and_7_cleanup_1_CACGAGTT-GACCGCCA,,,,,,
REL11157, p3,45.5,7,5, , batch_6_and_7_cleanup_1_GTCCGATT-GACCGCCA,,,,,,
REL11290, p3,48.5,7,6, , batch_6_and_7_cleanup_1_AGGACCGC-GACCGCCA,,,,,,
REL11302, p3,49,7,7, , batch_6_and_7_cleanup_1_TGTTAACT-TAAGATGG,,,,,,
REL11314, p3,49.5,7,8, , batch_6_and_7_cleanup_1_ACATGTAA-TAAGATGG,,,,,,
REL11326, p3,50,7,9, , batch_6_and_7_cleanup_1_CCACGGCC-TAAGATGG,,,,,,
REL11360, p3,50.5,7,10, , batch_6_and_7_cleanup_1_CACGAGTT-TAAGATGG,,,,,,
REL11385, p3,51,7,11, , batch_6_and_7_cleanup_1_GTCCGATT-TAAGATGG,,,,,,
REL11404, p3,51.5,7,12, , batch_6_and_7_cleanup_1_AGGACCGC-TAAGATGG,,,,,,
REL11416, p3,52,7,13, , batch_6_and_7_cleanup_1_TGTTAACT-ATTGACAT,,,,,,
REL11428, p3,52.5,7,14, , batch_6_and_7_cleanup_1_ACATGTAA-ATTGACAT,,,,,,
REL11440, p3,53,7,15, , batch_6_and_7_cleanup_1_CCACGGCC-ATTGACAT,,,,,,
REL11452, p3,53.5,7,16, , batch_6_and_7_cleanup_1_CACGAGTT-ATTGACAT,,,,,,
REL11464, p3,54,7,17, , batch_6_and_7_cleanup_1_GTCCGATT-ATTGACAT,,,,,,
REL11479, p3,54.5,7,18, , batch_6_and_7_cleanup_1_AGGACCGC-ATTGACAT,,,,,,
REL11491, p3,55,7,19, , batch_6_and_7_cleanup_1_TGTTAACT-AGCCAACT,,,,,,
REL11524, p3,55.5,7,20, , batch_6_and_7_cleanup_1_ACATGTAA-AGCCAACT,,,,,,
REL11545, p3,56,7,21, , batch_6_and_7_cleanup_1_CCACGGCC-AGCCAACT,,,,,,
REL11573, p3,56.5,7,22, , batch_6_and_7_cleanup_1_CACGAGTT-AGCCAACT,,,,,,
REL11607, p3,57,7,23, , batch_6_and_7_cleanup_1_GTCCGATT-AGCCAACT,,,,,,
REL11621, p3,57.5,7,24, , batch_6_and_7_cleanup_1_AGGACCGC-AGCCAACT,,,,,,
REL11634, p3,58,7,25, , batch_6_and_7_cleanup_1_TGTTAACT-TACTAGGT,,,,,,
REL11648, p3,58.5,7,26, , batch_6_and_7_cleanup_1_ACATGTAA-TACTAGGT,,,,,,
REL11661, p3,59,7,27, , batch_6_and_7_cleanup_1_CCACGGCC-TACTAGGT,,,,,,
REL11674, p3,59.5,7,28, , batch_6_and_7_cleanup_1_CACGAGTT-TACTAGGT,,,,,,
REL11687, p3,60,7,29, , batch_6_and_7_cleanup_1_GTCCGATT-TACTAGGT,,,,,,
REL772, p5,0.5,7,30,1, batch_6_and_7_cleanup_1_AGGACCGC-TACTAGGT,,,,,,
REL962, p5,1,7,31, , batch_6_and_7_cleanup_1_TGTTAACT-TCACGGTT,,,,,,
REL1066, p5,1.5,7,32, , batch_6_and_7_cleanup_1_ACATGTAA-TCACGGTT,,,,,,
REL1162, p5,2,7,33, , batch_6_and_7_cleanup_1_CCACGGCC-TCACGGTT,,,,,,
REL1280, p5,2.5,7,34,1, batch_6_and_7_cleanup_1_CACGAGTT-TCACGGTT,,,,,,
REL1481, p5,3,7,35, , batch_6_and_7_cleanup_1_GTCCGATT-TCACGGTT,,,,,,
REL1663, p5,3.5,7,36, , batch_6_and_7_cleanup_1_AGGACCGC-TCACGGTT,,,,,,
REL1888, p5,4,7,37, , batch_6_and_7_cleanup_1_TGTTAACT-TGTAATGA,,,,,,
REL2082, p5,4.5,7,38, , batch_6_and_7_cleanup_1_ACATGTAA-TGTAATGA,,,,,,
REL2177, p5,5,7,39, , batch_6_and_7_cleanup_1_CCACGGCC-TGTAATGA,,,,,,
REL2234, p5,5.5,7,40, , batch_6_and_7_cleanup_1_CACGAGTT-TGTAATGA,,,,,,
REL2330, p5,6,7,41, , batch_6_and_7_cleanup_1_GTCCGATT-TGTAATGA,,,,,,
REL2389, p5,6.5,7,42, , batch_6_and_7_cleanup_1_AGGACCGC-TGTAATGA,,,,,,
REL2529, p5,7,7,43, , batch_6_and_7_cleanup_1_TGTTAACT-CACGTCAG,,,,,,
REL2773, p5,7.5,7,44, , batch_6_and_7_cleanup_1_ACATGTAA-CACGTCAG,,,,,,
REL3285, p5,8,7,45, , batch_6_and_7_cleanup_1_CCACGGCC-CACGTCAG,,,,,,
REL4015, p5,8.5,7,46, , batch_6_and_7_cleanup_1_CACGAGTT-CACGTCAG,,,,,,
REL4336, p5,9,7,47, , batch_6_and_7_cleanup_1_GTCCGATT-CACGTCAG,,,,,,
REL4456, p5,9.5,7,48, , batch_6_and_7_cleanup_1_AGGACCGC-CACGTCAG,,,,,,
REL4534, p5,10,7,49, , CL0_1_ATTGTAAT-TAGATCGC,,,,,,
REL5701, p5,10.5,7,50, , CL0_1_GATCATTC-TAGATCGC,,,,,,
REL6279, p5,11,7,51, , CL0_1_ACCGATCG-TAGATCGC,,,,,,
REL6726, p5,11.5,7,52, , CL0_1_CCGTTATT-TAGATCGC,,,,,,
REL6871, p5,12,7,53, , CL0_1_ACATGTAA-TAGATCGC,,,,,,
REL7017, p5,12.5,7,54, , CL0_1_TGTTAACT-TAGATCGC,,,,,,
REL7079, p5,13,7,55, , CL0_1_ATTGTAAT-CTCTCTAT,,,,,,
REL7103, p5,13.5,7,56, , CL0_1_GATCATTC-CTCTCTAT,,,,,,
REL7127, p5,14,7,57, , CL0_1_ACCGATCG-CTCTCTAT,,,,,,
REL7151, p5,14.5,7,58, , CL0_1_CCGTTATT-CTCTCTAT,,,,,,
REL7187, p5,15,7,59, , CL0_1_ACATGTAA-CTCTCTAT,,,,,,
REL7211, p5,15.5,7,60, , CL0_1_TGTTAACT-CTCTCTAT,,,,,,
REL7235, p5,16,7,61, , CL0_1_ATTGTAAT-TATCCTCT,,,,,,
REL7259, p5,16.5,7,62, , CL0_1_GATCATTC-TATCCTCT,,,,,,
REL7283, p5,17,7,63, , CL0_1_ACCGATCG-TATCCTCT,,,,,,
REL7308, p5,17.5,7,64, , CL0_1_CCGTTATT-TATCCTCT,,,,,,
REL7333, p5,18,7,65, , CL0_1_ACATGTAA-TATCCTCT,,,,,,
REL7394, p5,18.5,7,66, , CL0_1_TGTTAACT-TATCCTCT,,,,,,
REL7423, p5,19,7,67, , CL0_1_ATTGTAAT-AGAGTAGA,,,,,,
REL7730, p5,19.5,7,68, , CL0_1_GATCATTC-AGAGTAGA,,,,,,
REL8604, p5,20,7,69, , CL0_1_ACCGATCG-AGAGTAGA,,,,,,
REL9261, p5,20.5,7,70, , CL0_1_CCGTTATT-AGAGTAGA,,,,,,
REL9287, p5,21,7,71, , CL0_1_ACATGTAA-AGAGTAGA,,,,,,
REL9313, p5,21.5,7,72, , CL0_1_TGTTAACT-AGAGTAGA,,,,,,
REL9351, p5,22,7,73, , CL0_1_ATTGTAAT-GTAAGGAG,,,,,,
REL9377, p5,22.5,7,74, , CL0_1_GATCATTC-GTAAGGAG,,,,,,
REL9410, p5,23,7,75, , CL0_1_ACCGATCG-GTAAGGAG,,,,,,
REL10110, p5,23.5,7,76, , CL0_1_CCGTTATT-GTAAGGAG,,,,,,
REL10135, p5,24,7,77, , CL0_1_ACATGTAA-GTAAGGAG,,,,,,
REL10160, p5,24.5,7,78, , CL0_1_TGTTAACT-GTAAGGAG,,,,,,
REL10185, p5,25,7,79, , CL0_1_ATTGTAAT-ACTGCATA,,,,,,
REL10233, p5,25.5,7,80, , CL0_1_GATCATTC-ACTGCATA,,,,,,
REL10259, p5,26,7,81, , CL0_1_ACCGATCG-ACTGCATA,,,,,,
REL10283, p5,26.5,7,82, , CL0_1_CCGTTATT-ACTGCATA,,,,,,
REL10296, p5,27,7,83, , CL0_1_ACATGTAA-ACTGCATA,,,,,,
REL10314, p5,27.5,7,84, , CL0_1_TGTTAACT-ACTGCATA,,,,,,
REL10329, p5,28,7,85, , CL0_1_ATTGTAAT-AAGGAGTA,,,,,,
REL10347, p5,28.5,7,86, , CL0_1_GATCATTC-AAGGAGTA,,,,,,
REL10377, p5,29,7,87, , CL0_1_ACCGATCG-AAGGAGTA,,,,,,
REL10389, p5,29.5,7,88, , CL0_1_CCGTTATT-AAGGAGTA,,,,,,
REL10430, p5,30,7,89, , CL0_1_ACATGTAA-AAGGAGTA,,,,,,
REL10445, p5,30.5,7,90, , CL0_1_TGTTAACT-AAGGAGTA,,,,,,
REL10463, p5,31,7,91, , CL0_1_ATTGTAAT-CTAAGCCT,,,,,,
REL10475, p5,31.5,7,92, , CL0_1_GATCATTC-CTAAGCCT,,,,,,
REL10487, p5,32,7,93, , CL0_1_ACCGATCG-CTAAGCCT,,,,,,
REL10499, p5,32.5,7,94, , CL0_1_CCGTTATT-CTAAGCCT,,,,,,
REL10510, p5,33,7,95, , CL0_1_ACATGTAA-CTAAGCCT,,,,,,
REL10569, p5,33.5,7,96, , CL0_1_TGTTAACT-CTAAGCCT,,,,,,
REL10601, p5,34,8,1, , CL2_1_TTCTTCTA-CTGAATTC,,,,,,
REL10704, p5,34.5,8,2, , CL2_1_TTCTTCTA-CGTACCGG,,,,,,
REL10757, p5,35,8,3, , CL1_1_ACCGATCG-GACCGCCA,,,,,,
REL10791, p5,35.5,8,4, , CL1_1_CCGTTATT-GACCGCCA,,,,,,
REL10818, p5,36,8,5, , CL1_1_TTCTTCTA-GACCGCCA,,,,,,
REL10840, p5,36.5,8,6, , CL1_1_TACCTGAC-GACCGCCA,,,,,,
REL10862, p5,37,8,7, , CL1_1_ATTGTAAT-TAAGATGG,,,,,,
REL10879, p5,37.5,8,8, , CL1_1_GATCATTC-TAAGATGG,,,,,,
REL10892, p5,38,8,9, , CL1_1_ACCGATCG-TAAGATGG,,,,,,
REL10910, p5,38.5,8,10, , CL1_1_CCGTTATT-TAAGATGG,,,,,,
REL10923, p5,39,8,11, , CL1_1_TTCTTCTA-TAAGATGG,,,,,,
REL10936, p5,39.5,8,12, , CL1_1_TACCTGAC-TAAGATGG,,,,,,
REL10977, p5,40,8,13, , CL2_1_TTCTTCTA-GATGACGG,,,,,,
REL11003, p5,40.5,8,14, , CL1_1_GATCATTC-ATTGACAT,,,,,,
REL11021, p5,41,8,15, , CL1_1_ACCGATCG-ATTGACAT,,,,,,
REL11033, p5,41.5,8,16, , CL1_1_CCGTTATT-ATTGACAT,,,,,,
REL11059, p5,42.5,8,17, , CL1_1_TTCTTCTA-ATTGACAT,,,,,,
REL11087, p5,43,8,18, , CL1_1_TACCTGAC-ATTGACAT,,,,,,
REL11047, p5,42,8,19, , CL1_1_ATTGTAAT-AGCCAACT,,,,,,
REL11099, p5,43.5,8,20, , CL1_1_GATCATTC-AGCCAACT,,,,,,
REL11111, p5,44,8,21, , CL1_1_ACCGATCG-AGCCAACT,,,,,,
REL11126, p5,44.5,8,22, , CL1_1_CCGTTATT-AGCCAACT,,,,,,
REL11159, p5,45,8,23, , CL1_1_TTCTTCTA-AGCCAACT,,,,,,
REL11180, p5,45.5,8,24, , CL1_1_TACCTGAC-AGCCAACT,,,,,,
REL11198, p5,46,8,25, , CL2_1_TTCTTCTA-TATAGACG,,,,,,
REL11210, p5,46.5,8,26, , CL2_1_TTCTTCTA-GTCATTGA,,,,,,
REL11225, p5,47,8,27, , CL1_1_ACCGATCG-TACTAGGT,,,,,,
REL11280, p5,47.5,8,28, , CL1_1_CCGTTATT-TACTAGGT,,,,,,
REL11292, p5,48,8,29, , CL1_1_TTCTTCTA-TACTAGGT,,,,,,
REL11304, p5,48.5,8,30, , CL1_1_TACCTGAC-TACTAGGT,,,,,,
REL11316, p5,49,8,31, , CL1_1_ATTGTAAT-TCACGGTT,,,,,,
REL11328, p5,49.5,8,32, , CL1_1_GATCATTC-TCACGGTT,,,,,,
REL11362, p5,50,8,33, , CL1_1_ACCGATCG-TCACGGTT,,,,,,
REL11387, p5,50.5,8,34, , CL1_1_CCGTTATT-TCACGGTT,,,,,,
REL11406, p5,51,8,35, , CL1_1_TTCTTCTA-TCACGGTT,,,,,,
REL11418, p5,51.5,8,36, , CL1_1_TACCTGAC-TCACGGTT,,,,,,
REL11430, p5,52,8,37, , CL2_1_TTCTTCTA-GCATCGTT,,,,,,
REL11442, p5,52.5,8,38, , CL1_1_GATCATTC-TGTAATGA,,,,,,
REL11454, p5,53,8,39, , CL1_1_ACCGATCG-TGTAATGA,,,,,,
REL11466, p5,53.5,8,40, , CL1_1_CCGTTATT-TGTAATGA,,,,,,
REL11481, p5,54,8,41, , CL1_1_TTCTTCTA-TGTAATGA,,,,,,
REL11493, p5,54.5,8,42, , CL1_1_TACCTGAC-TGTAATGA,,,,,,
REL11526, p5,55,8,43, , CL1_1_ATTGTAAT-CACGTCAG,,,,,,
REL11547, p5,55.5,8,44, , CL1_1_GATCATTC-CACGTCAG,,,,,,
REL11575, p5,56,8,45, , CL1_1_ACCGATCG-CACGTCAG,,,,,,
REL11609, p5,56.5,8,46, , CL1_1_CCGTTATT-CACGTCAG,,,,,,
REL11623, p5,57,8,47, , CL1_1_TTCTTCTA-CACGTCAG,,,,,,
REL11636, p5,57.5,8,48, , CL1_1_TACCTGAC-CACGTCAG,,,,,,
REL11650, p5,58,8,49,1, CL1_1_AGGACCGC-GACCGCCA,,,,,,
REL11663, p5,58.5,8,50,1, CL1_1_GTCCGATT-GACCGCCA,,,,,,
REL11676, p5,59,8,51,1, CL1_1_CACGAGTT-GACCGCCA,,,,,,
REL11689, p5,59.5,8,52,1, CL1_1_CCACGGCC-GACCGCCA,,,,,,
REL11723, p5,60,8,53,1, CL1_1_ACATGTAA-GACCGCCA,,,,,,
REL11769, p5,60.5,8,54,1, CL1_1_TGTTAACT-GACCGCCA,,,,,,
REL11788, p5,61,8,55,1, CL1_1_AGGACCGC-TAAGATGG,,,,,,
REL11801, p5,61.5,8,56,1, CL1_1_GTCCGATT-TAAGATGG,,,,,,
REL11814, p5,62,8,57,1, CL1_1_CACGAGTT-TAAGATGG,,,,,,
REL11827, p5,62.5,8,58,1, CL1_1_CCACGGCC-TAAGATGG,,,,,,
REL11845, p5,63,8,59,1, CL1_1_ACATGTAA-TAAGATGG,,,,,,
REL773, p6,0.5,8,60, , CL1_1_TGTTAACT-TAAGATGG,,,,,,
REL963, p6,1,8,61, , CL2_1_TTCTTCTA-AGGTTGAC,,,,,,
REL1067, p6,1.5,8,62, , CL1_1_GTCCGATT-ATTGACAT,,,,,,
REL1163, p6,2,8,63, , CL1_1_CACGAGTT-ATTGACAT,,,,,,
REL1281, p6,2.5,8,64, , CL1_1_CCACGGCC-ATTGACAT,,,,,,
REL1482, p6,3,8,65, , CL1_1_ACATGTAA-ATTGACAT,,,,,,
REL1664, p6,3.5,8,66, , CL1_1_TGTTAACT-ATTGACAT,,,,,,
REL1889, p6,4,8,67, , CL1_1_AGGACCGC-AGCCAACT,,,,,,
REL2083, p6,4.5,8,68, , CL1_1_GTCCGATT-AGCCAACT,,,,,,
REL2178, p6,5,8,69, , CL1_1_CACGAGTT-AGCCAACT,,,,,,
REL2235, p6,5.5,8,70, , CL1_1_CCACGGCC-AGCCAACT,,,,,,
REL2331, p6,6,8,71, , CL1_1_ACATGTAA-AGCCAACT,,,,,,
REL2390, p6,6.5,8,72, , CL1_1_TGTTAACT-AGCCAACT,,,,,,
REL2530, p6,7,8,73, , CL1_1_AGGACCGC-TACTAGGT,,,,,,
REL2774, p6,7.5,8,74, , CL1_1_GTCCGATT-TACTAGGT,,,,,,
REL3286, p6,8,8,75, , CL1_1_CACGAGTT-TACTAGGT,,,,,,
REL4016, p6,8.5,8,76, , CL1_1_CCACGGCC-TACTAGGT,,,,,,
REL4337, p6,9,8,77, , CL1_1_ACATGTAA-TACTAGGT,,,,,,
REL4457, p6,9.5,8,78, , CL1_1_TGTTAACT-TACTAGGT,,,,,,
REL4535, p6,10,8,79, , CL1_1_AGGACCGC-TCACGGTT,,,,,,
REL5703, p6,10.5,8,80, , CL1_1_GTCCGATT-TCACGGTT,,,,,,
REL6281, p6,11,8,81, , CL1_1_CACGAGTT-TCACGGTT,,,,,,
REL6278, p6,11.5,8,82, , CL1_1_CCACGGCC-TCACGGTT,,,,,,
REL6873, p6,12,8,83, , CL1_1_ACATGTAA-TCACGGTT,,,,,,
REL7018, p6,12.5,8,84, , CL1_1_TGTTAACT-TCACGGTT,,,,,,
REL7080, p6,13,8,85, , CL1_1_AGGACCGC-TGTAATGA,,,,,,
REL7104, p6,13.5,8,86, , CL1_1_GTCCGATT-TGTAATGA,,,,,,
REL7128, p6,14,8,87, , CL1_1_CACGAGTT-TGTAATGA,,,,,,
REL7152, p6,14.5,8,88, , CL1_1_CCACGGCC-TGTAATGA,,,,,,
REL7166, p6,15,8,89, , CL1_1_ACATGTAA-TGTAATGA,,,,,,
REL7188, p6,15.5,8,90, , CL1_1_TGTTAACT-TGTAATGA,,,,,,
REL7212, p6,16,8,91, , CL1_1_AGGACCGC-CACGTCAG,,,,,,
REL7236, p6,16.5,8,92, , CL1_1_GTCCGATT-CACGTCAG,,,,,,
REL7260, p6,17,8,93, , CL1_1_CACGAGTT-CACGTCAG,,,,,,
REL7284, p6,17.5,8,94, , CL1_1_CCACGGCC-CACGTCAG,,,,,,
REL7309, p6,18,8,95, , CL1_1_ACATGTAA-CACGTCAG,,,,,,
REL7334, p6,18.5,8,96, , CL1_1_TGTTAACT-CACGTCAG,,,,,,
REL7395, p6,19,8,97, , CL2_1_TAAGGCGA-GACCGCCA,,,,,,
REL7424, p6,19.5,8,98, , CL2_1_CGTACTAG-GACCGCCA,,,,,,
REL7731, p6,20,8,99, , CL2_1_AGGCAGAA-GACCGCCA,,,,,,
REL8605, p6,20.5,8,100, , CL2_1_TCCTGAGC-GACCGCCA,,,,,,
REL9262, p6,21,8,101, , CL2_1_GGACTCCT-GACCGCCA,,,,,,
REL9288, p6,21.5,8,102, , CL2_1_TTCTTCTA-TGAAACTG,,,,,,
REL9314, p6,22,8,103, , CL2_1_CTCTCTAC-GACCGCCA,,,,,,
REL9352, p6,22.5,8,104, , CL2_1_CAGAGAGG-GACCGCCA,,,,,,
REL9378, p6,23,8,105, , CL2_1_GCTACGCT-GACCGCCA,,,,,,
REL9411, p6,23.5,8,106, , CL2_1_CGAGGCTG-GACCGCCA,,,,,,
REL10111, p6,24,8,107, , CL2_1_AAGAGGCA-GACCGCCA,,,,,,
REL10136, p6,24.5,8,108, , CL2_1_GTAGAGGA-GACCGCCA,,,,,,
REL10161, p6,25,8,109, , CL2_1_TAAGGCGA-TAAGATGG,,,,,,
REL10186, p6,25.5,8,110, , CL2_1_CGTACTAG-TAAGATGG,,,,,,
REL10210, p6,26,8,111, , CL2_1_AGGCAGAA-TAAGATGG,,,,,,
REL10234, p6,26.5,8,112, , CL2_1_TCCTGAGC-TAAGATGG,,,,,,
REL10260, p6,27,8,113, , CL2_1_GGACTCCT-TAAGATGG,,,,,,
REL10284, p6,27.5,8,114, , CL2_1_TAGGCATG-TAAGATGG,,,,,,
REL10297, p6,28,8,115, , CL2_1_CTCTCTAC-TAAGATGG,,,,,,
REL10315, p6,28.5,8,116, , CL2_1_CAGAGAGG-TAAGATGG,,,,,,
REL10330, p6,29,8,117, , CL2_1_GCTACGCT-TAAGATGG,,,,,,
REL10348, p6,29.5,8,118, , CL2_1_CGAGGCTG-TAAGATGG,,,,,,
REL10378, p6,30,8,119, , CL2_1_AAGAGGCA-TAAGATGG,,,,,,
REL10390, p6,30.5,8,120, , CL2_1_GTAGAGGA-TAAGATGG,,,,,,
REL10431, p6,31,8,121, , CL2_1_TAAGGCGA-ATTGACAT,,,,,,
REL10446, p6,31.5,8,122, , CL2_1_CGTACTAG-ATTGACAT,,,,,,
REL10464, p6,32,8,123, , CL2_1_AGGCAGAA-ATTGACAT,,,,,,
REL10476, p6,32.5,8,124, , CL2_1_TCCTGAGC-ATTGACAT,,,,,,
REL10488, p6,33,8,125, , CL2_1_GGACTCCT-ATTGACAT,,,,,,
REL10500, p6,33.5,8,126, , CL2_1_TAGGCATG-ATTGACAT,,,,,,
REL10511, p6,34,8,127, , CL2_1_CTCTCTAC-ATTGACAT,,,,,,
REL10570, p6,34.5,8,128, , CL2_1_CAGAGAGG-ATTGACAT,,,,,,
REL10602, p6,35,8,129, , CL2_1_GCTACGCT-ATTGACAT,,,,,,
REL10758, p6,35.5,8,130, , CL2_1_CGAGGCTG-ATTGACAT,,,,,,
REL10792, p6,36,8,131, , CL2_1_AAGAGGCA-ATTGACAT,,,,,,
REL10819, p6,36.5,8,132, , CL2_1_GTAGAGGA-ATTGACAT,,,,,,
REL10841, p6,37,8,133, , CL2_1_TAAGGCGA-AGCCAACT,,,,,,
REL10863, p6,37.5,8,134, , CL2_1_CGTACTAG-AGCCAACT,,,,,,
REL10880, p6,38,8,135, , CL2_1_AGGCAGAA-AGCCAACT,,,,,,
REL10893, p6,38.5,8,136, , CL2_1_TCCTGAGC-AGCCAACT,,,,,,
REL10911, p6,39,8,137, , CL2_1_GGACTCCT-AGCCAACT,,,,,,
REL10924, p6,39.5,8,138, , CL2_1_TAGGCATG-AGCCAACT,,,,,,
REL10937, p6,40,8,139, , CL2_1_CTCTCTAC-AGCCAACT,,,,,,
REL10978, p6,40.5,8,140, , CL2_1_CAGAGAGG-AGCCAACT,,,,,,
REL11004, p6,41,8,141, , CL2_1_GCTACGCT-AGCCAACT,,,,,,
REL11022, p6,41.5,8,142, , CL2_1_CGAGGCTG-AGCCAACT,,,,,,
REL11034, p6,42,8,143, , CL2_1_AAGAGGCA-AGCCAACT,,,,,,
REL11048, p6,42.5,8,144, , CL2_1_GTAGAGGA-AGCCAACT,,,,,,
REL11060, p6,43,8,145, , CL2_1_TAAGGCGA-TACTAGGT,,,,in old sheet,,
REL11846, p6,63.5,8,146, , CL2_1_CGTACTAG-TACTAGGT,,,,REL11088, p6,43.5
REL11828, p6,63,8,147, , CL2_1_AGGCAGAA-TACTAGGT,,,,REL11100, p6,44
REL11815, p6,62.5,8,148, , CL2_1_TCCTGAGC-TACTAGGT,,,,REL11112, p6,44.5
REL11802, p6,62,8,149, , CL2_1_GGACTCCT-TACTAGGT,,,,REL11127, p6,45
REL11100, p6,44,8,150, , CL2_1_TAGGCATG-TACTAGGT,,,,REL11160, p6,45.5
REL11112, p6,44.5,8,151, , CL2_1_CTCTCTAC-TACTAGGT,,,,REL11181, p6,46
REL11127, p6,45,8,152, , CL2_1_CAGAGAGG-TACTAGGT,,,,REL11199, p6,46.5
REL11160, p6,45.5,8,153, , CL2_1_GCTACGCT-TACTAGGT,,,,REL11211, p6,47
REL11181, p6,46,8,154, , CL2_1_CGAGGCTG-TACTAGGT,,,,REL11226, p6,47.5
REL11199, p6,46.5,8,155, , CL2_1_AAGAGGCA-TACTAGGT,,,,REL11281, p6,48
REL11211, p6,47,8,156, , CL2_1_GTAGAGGA-TACTAGGT,,,,REL11293, p6,48.5
REL11088, p6,43.5,8,157, , CL2_1_TAAGGCGA-TCACGGTT,,,,REL11305, p6,49
REL11226, p6,47.5,8,158, , CL2_1_CGTACTAG-TCACGGTT,,,,REL11317, p6,49.5
REL11281, p6,48,8,159, , CL2_1_AGGCAGAA-TCACGGTT,,,,REL11329, p6,50
REL11293, p6,48.5,8,160, , CL2_1_TCCTGAGC-TCACGGTT,,,,REL11363, p6,50.5
REL11305, p6,49,8,161, , CL2_1_GGACTCCT-TCACGGTT,,,,REL11388, p6,51
REL11317, p6,49.5,8,162, , CL2_1_TAGGCATG-TCACGGTT,,,,REL11407, p6,51.5
REL11329, p6,50,8,163, , CL2_1_CTCTCTAC-TCACGGTT,,,,REL11419, p6,52
REL11363, p6,50.5,8,164, , CL2_1_CAGAGAGG-TCACGGTT,,,,REL11431, p6,52.5
REL11388, p6,51,8,165, , CL2_1_GCTACGCT-TCACGGTT,,,,REL11443, p6,53
REL11407, p6,51.5,8,166, , CL2_1_CGAGGCTG-TCACGGTT,,,,REL11455, p6,53.5
REL11419, p6,52,8,167, , CL2_1_AAGAGGCA-TCACGGTT,,,,REL11467, p6,54
REL11431, p6,52.5,8,168, , CL2_1_GTAGAGGA-TCACGGTT,,,,REL11482, p6,54.5
REL11443, p6,53,8,169, , CL2_1_TAAGGCGA-TGTAATGA,,,,REL11494, p6,55
REL11455, p6,53.5,8,170, , CL2_1_CGTACTAG-TGTAATGA,,,,REL11527, p6,55.5
REL11467, p6,54,8,171, , CL2_1_AGGCAGAA-TGTAATGA,,,,REL11548, p6,56
REL11482, p6,54.5,8,172, , CL2_1_TCCTGAGC-TGTAATGA,,,,REL11576, p6,56.5
REL11494, p6,55,8,173, , CL2_1_GGACTCCT-TGTAATGA,,,,REL11610, p6,57
REL11527, p6,55.5,8,174, , CL2_1_TAGGCATG-TGTAATGA,,,,REL11624, p6,57.5
REL11548, p6,56,8,175, , CL2_1_CTCTCTAC-TGTAATGA,,,,REL11637, p6,58
REL11576, p6,56.5,8,176, , CL2_1_CAGAGAGG-TGTAATGA,,,,REL11651, p6,58.5
REL11610, p6,57,8,177, , CL2_1_GCTACGCT-TGTAATGA,,,,REL11664, p6,59
REL11624, p6,57.5,8,178, , CL2_1_CGAGGCTG-TGTAATGA,,,,REL11677, p6,59.5
REL11637, p6,58,8,179, , CL2_1_AAGAGGCA-TGTAATGA,,,,REL11690, p6,60
REL11651, p6,58.5,8,180, , CL2_1_GTAGAGGA-TGTAATGA,,,,REL11724, p6,60.5
REL11664, p6,59,8,181, , CL2_1_TAAGGCGA-CACGTCAG,,,,REL11770, p6,61
REL11677, p6,59.5,8,182, , CL2_1_CGTACTAG-CACGTCAG,,,,REL11789, p6,61.5
REL11690, p6,60,8,183, , CL2_1_AGGCAGAA-CACGTCAG,,,,REL11802, p6,62
REL11724, p6,60.5,8,184, , CL2_1_TCCTGAGC-CACGTCAG,,,,REL11815, p6,62.5
REL11770, p6,61,8,185, , CL2_1_GGACTCCT-CACGTCAG,,,,REL11828, p6,63
REL11789, p6,61.5,8,186, , CL2_1_TAGGCATG-CACGTCAG,,,,REL11846, p6,63.5
REL768, p1,0.5,8,187,1, CL2_1_CTCTCTAC-CACGTCAG,,,,,,
REL958, p1,1,8,188, , CL2_1_CAGAGAGG-CACGTCAG,,,,,,
REL1062, p1,1.5,8,189, , CL2_1_GCTACGCT-CACGTCAG,,,,,,
REL1158, p1,2,8,190, , CL2_1_CGAGGCTG-CACGTCAG,,,,,,
REL1276, p1,2.5,8,191, , CL2_1_AAGAGGCA-CACGTCAG,,,,,,
REL1477, p1,3,8,192, , CL2_1_GTAGAGGA-CACGTCAG,,,,,,
REL1659, p1,3.5,9,1,1, CL1_1_ATTGTAAT-GACCGCCA,,,,,,
REL1884, p1,4,9,2, , CL2_1_TACCTGAC-CTGAATTC,,,,,,
REL2078, p1,4.5,9,3, , CL1_1_ATTGTAAT-ATTGACAT,,,,,,
REL2173, p1,5,9,4, , CL1_1_ATTGTAAT-TACTAGGT,,,,,,
REL2230, p1,5.5,9,5, , CL2_1_TTCTTCTA-TAGATCGC,,,,,,
REL2326, p1,6,9,6, , CL2_1_TACCTGAC-TAGATCGC,,,,,,
REL2385, p1,6.5,9,7, , CL2_1_AGGACCGC-TAGATCGC,,,,,,
REL2525, p1,7,9,8,1, CL2_1_GTCCGATT-TAGATCGC,,,,,,
REL2769, p1,7.5,9,9, , CL2_1_CACGAGTT-TAGATCGC,,,,,,
REL3281, p1,8,9,10, , CL2_1_TACCTGAC-CGTACCGG,,,,,,
REL4011, p1,8.5,9,11, , CL2_1_ACATGTAA-TAGATCGC,,,,,,
REL4332, p1,9,9,12, , CL2_1_TGTTAACT-TAGATCGC,,,,,,
REL4452, p1,9.5,9,13, , CL1_1_GATCATTC-TACTAGGT,,,,,,
REL4530, p1,10,9,14, , CL1_1_ATTGTAAT-TGTAATGA,,,,,,
REL5693, p1,10.5,9,15, , CL1_1_AGGACCGC-ATTGACAT,,,,,,
REL6271, p1,11,9,16, , CL1_1_GCTACGCT-CTGAATTC,,,,,,
REL6718, p1,11.5,9,17, , CL2_1_TTCTTCTA-CTCTCTAT,,,,,,
REL6863, p1,12,9,18, , CL2_1_TACCTGAC-CTCTCTAT,,,,,,
REL7013, p1,12.5,9,19, , CL2_1_AGGACCGC-CTCTCTAT,,,,,,
REL7075, p1,13,9,20, , CL2_1_GTCCGATT-CTCTCTAT,,,,,,
REL7099, p1,13.5,9,21, , CL2_1_CACGAGTT-CTCTCTAT,,,,,,
REL7123, p1,14,9,22, , CL2_1_TACCTGAC-GATGACGG,,,,,,
REL7147, p1,14.5,9,23, , CL2_1_ACATGTAA-CTCTCTAT,,,,,,
REL7183, p1,15,9,24, , CL2_1_TGTTAACT-CTCTCTAT,,,,,,
REL7207, p1,15.5,9,25, , CL1_1_CGAGGCTG-CTGAATTC,,,,,,
REL7231, p1,16,9,26, , CL1_1_AAGAGGCA-CTGAATTC,,,,,,
REL7255, p1,16.5,9,27, , CL1_1_GTAGAGGA-CTGAATTC,,,,,,
REL7279, p1,17,9,28, , CL1_1_TTCTTCTA-CTGAATTC,,,,,,
REL7304, p1,17.5,9,29, , CL2_1_TTCTTCTA-TATCCTCT,,,,,,
REL7425, p1,18,9,30, , CL2_1_TACCTGAC-TATCCTCT,,,,,,
REL7732, p1,18.5,9,31, , CL2_1_AGGACCGC-TATCCTCT,,,,,,
REL8600, p1,19,9,32, , CL2_1_GTCCGATT-TATCCTCT,,,,,,
REL9257, p1,19.5,9,33, , CL2_1_CACGAGTT-TATCCTCT,,,,,,
REL9282, p1,20,9,34, , CL2_1_CCACGGCC-TATCCTCT,,,,,,
REL9309, p1,20.5,9,35, , CL2_1_ACATGTAA-TATCCTCT,,,,,,
REL9347, p1,21,9,36, , CL2_1_TGTTAACT-TATCCTCT,,,,,,
REL9373, p1,21.5,9,37, , CL1_1_TACCTGAC-CTGAATTC,,,,,,
REL9406, p1,22,9,38, , CL1_1_AGGACCGC-CTGAATTC,,,,,,
REL10106, p1,22.5,9,39, , CL1_1_GTCCGATT-CTGAATTC,,,,,,
REL10131, p1,23,9,40, , CL1_1_CCACGGCC-CTGAATTC,,,,,,
REL10156, p1,23.5,9,41, , CL2_1_TTCTTCTA-AGAGTAGA,,,,,,
REL10181, p1,24,9,42, , CL2_1_TACCTGAC-AGAGTAGA,,,,,,
REL10205, p1,24.5,9,43, , CL2_1_AGGACCGC-AGAGTAGA,,,,,,
REL10229, p1,25,9,44, , CL2_1_GTCCGATT-AGAGTAGA,,,,,,
REL10255, p1,25.5,9,45, , CL2_1_CACGAGTT-AGAGTAGA,,,,,,
REL10279, p1,26,9,46, , CL2_1_CCACGGCC-AGAGTAGA,,,,,,
REL10292, p1,26.5,9,47, , CL2_1_ACATGTAA-AGAGTAGA,,,,,,
REL10310, p1,27,9,48, , CL2_1_TGTTAACT-AGAGTAGA,,,,,,
REL10325, p1,27.5,9,49, , CL1_1_CGAGGCTG-CGTACCGG,,,,,,
REL10343, p1,28,9,50, , CL1_1_AAGAGGCA-CGTACCGG,,,,,,
REL10373, p1,28.5,9,51, , CL1_1_GTAGAGGA-CGTACCGG,,,,,,
REL10385, p1,29,9,52, , CL1_1_TTCTTCTA-CGTACCGG,,,,,,
REL10426, p1,29.5,9,53, , CL2_1_TTCTTCTA-GTAAGGAG,,,,,,
REL10441, p1,30,9,54, , CL2_1_TACCTGAC-GTAAGGAG,,,,,,
REL10459, p1,30.5,9,55, , CL2_1_AGGACCGC-GTAAGGAG,,,,,,
REL10471, p1,31,9,56, , CL2_1_GTCCGATT-GTAAGGAG,,,,,,
REL10483, p1,31.5,9,57, , CL2_1_CACGAGTT-GTAAGGAG,,,,,,
REL10495, p1,32,9,58, , CL2_1_CCACGGCC-GTAAGGAG,,,,,,
REL10506, p1,32.5,9,59, , CL2_1_ACATGTAA-GTAAGGAG,,,,,,
REL10565, p1,33,9,60, , CL2_1_TGTTAACT-GTAAGGAG,,,,,,
REL10597, p1,33.5,9,61, , CL1_1_TACCTGAC-CGTACCGG,,,,,,
REL10700, p1,34,9,62, , CL1_1_AGGACCGC-CGTACCGG,,,,,,
REL10753, p1,34.5,9,63, , CL1_1_GTCCGATT-CGTACCGG,,,,,,
REL10787, p1,35,9,64, , CL1_1_CCACGGCC-CGTACCGG,,,,,,
REL10814, p1,35.5,9,65, , CL2_1_TTCTTCTA-ACTGCATA,,,,,,
REL10836, p1,36,9,66, , CL2_1_TACCTGAC-ACTGCATA,,,,,,
REL10858, p1,36.5,9,67, , CL2_1_AGGACCGC-ACTGCATA,,,,,,
REL10875, p1,37,9,68, , CL2_1_GTCCGATT-ACTGCATA,,,,,,
REL10888, p1,37.5,9,69, , CL2_1_CACGAGTT-ACTGCATA,,,,,,
REL10906, p1,38,9,70, , CL2_1_CCACGGCC-ACTGCATA,,,,,,
REL10919, p1,38.5,9,71, , CL2_1_ACATGTAA-ACTGCATA,,,,,,
REL10932, p1,39,9,72, , CL2_1_TGTTAACT-ACTGCATA,,,,,,
REL10973, p1,39.5,9,73, , CL1_1_CGAGGCTG-GATGACGG,,,,,,
REL10999, p1,40,9,74, , CL1_1_AAGAGGCA-GATGACGG,,,,,,
REL11017, p1,40.5,9,75,1, CL1_1_GTAGAGGA-GATGACGG,,,,,,
REL11029, p1,41,9,76, , CL1_1_TTCTTCTA-GATGACGG,,,,,,
REL11043, p1,41.5,9,77, , CL2_1_TTCTTCTA-AAGGAGTA,,,,,,
REL11055, p1,42,9,78, , CL2_1_TACCTGAC-AAGGAGTA,,,,,,
REL11083, p1,42.5,9,79, , CL2_1_AGGACCGC-AAGGAGTA,,,,,,
REL11095, p1,43,9,80, , CL2_1_GTCCGATT-AAGGAGTA,,,,,,
REL11101, p1,43.5,9,81, , CL2_1_CACGAGTT-AAGGAGTA,,,,,,
REL11122, p1,44,9,82, , CL2_1_CCACGGCC-AAGGAGTA,,,,,,
REL11155, p1,44.5,9,83, , CL2_1_ACATGTAA-AAGGAGTA,,,,,,
REL11176, p1,45,9,84, , CL2_1_TGTTAACT-AAGGAGTA,,,,,,
REL11194, p1,45.5,9,85, , CL1_1_TACCTGAC-GATGACGG,,,,,,
REL11206, p1,46,9,86, , CL1_1_AGGACCGC-GATGACGG,,,,,,
REL11221, p1,46.5,9,87, , CL1_1_GTCCGATT-GATGACGG,,,,,,
REL11276, p1,47,9,88, , CL1_1_CGAGGCTG-TATAGACG,,,,,,
REL11288, p1,47.5,9,89, , CL2_1_TTCTTCTA-CTAAGCCT,,,,,,
REL11300, p1,48,9,90, , CL2_1_TACCTGAC-CTAAGCCT,,,,,,
REL11312, p1,48.5,9,91, , CL2_1_AGGACCGC-CTAAGCCT,,,,,,
REL11324, p1,49,9,92, , CL2_1_GTCCGATT-CTAAGCCT,,,,,,
REL11358, p1,49.5,9,93, , CL2_1_CACGAGTT-CTAAGCCT,,,,,,
REL11383, p1,50,9,94, , CL2_1_CCACGGCC-CTAAGCCT,,,,,,
REL11402, p1,50.5,9,95, , CL2_1_ACATGTAA-CTAAGCCT,,,,,,
REL11414, p1,51,9,96, , CL2_1_TGTTAACT-CTAAGCCT,,,,,,
REL11426, p1,51.5,9,97, , CL2_1_TACCTGAC-TATAGACG,,,,,,
REL11438, p1,52,9,98, , CL2_1_TACCTGAC-GTCATTGA,,,,,,
REL11450, p1,52.5,9,99, , CL2_1_TACCTGAC-GCATCGTT,,,,,,
REL11462, p1,53,9,100, , CL2_1_TACCTGAC-AGGTTGAC,,,,,,
REL11477, p1,53.5,9,101, , CL2_1_TACCTGAC-TGAAACTG,,,,,,
REL11489, p1,54,9,102, , CL2_1_AGGACCGC-CTGAATTC,,,,,,
REL11522, p1,54.5,9,103, , CL2_1_AGGACCGC-CGTACCGG,,,,,,
REL11543, p1,55,9,104, , CL2_1_AGGACCGC-GATGACGG,,,,,,
REL11571, p1,55.5,9,105, , CL1_1_CACGAGTT-CTGAATTC,,,,,,
REL11605, p1,56,9,106, , CL2_1_AGGACCGC-TATAGACG,,,,,,
REL11619, p1,56.5,9,107, , CL1_1_ACATGTAA-CTGAATTC,,,,,,
REL11632, p1,57,9,108, , CL1_1_TGTTAACT-CTGAATTC,,,,,,
REL11646, p1,57.5,9,109, , CL1_1_GCTACGCT-CGTACCGG,,,,,,
REL11659, p1,58,9,110, , CL2_1_AGGACCGC-GCATCGTT,,,,,,
REL11672, p1,58.5,9,111, , CL2_1_AGGACCGC-AGGTTGAC,,,,,,
REL771, p4,0.5,9,112, , CL2_1_AGGACCGC-TGAAACTG,,,,,,
REL961, p4,1,9,113, , CL2_1_GTCCGATT-CTGAATTC,,,,,,
REL1065, p4,1.5,9,114, , CL2_1_GTCCGATT-CGTACCGG,,,,,,
REL1161, p4,2,9,115, , CL2_1_GTCCGATT-GATGACGG,,,,,,
REL1279, p4,2.5,9,116, , CL2_1_AGGACCGC-GTCATTGA,,,,,,
REL1480, p4,3,9,117, , CL1_1_CACGAGTT-CGTACCGG,,,,,,
REL1662, p4,3.5,9,118, , CL2_1_CCACGGCC-TGAAACTG,,,,,,
REL1887, p4,4,9,119, , CL1_1_ACATGTAA-CGTACCGG,,,,,,
REL2081, p4,4.5,9,120, , CL1_1_TGTTAACT-CGTACCGG,,,,,,
REL2176, p4,5,9,121, , CL1_1_GCTACGCT-GATGACGG,,,,,,
REL2233, p4,5.5,9,122, , CL2_1_GTCCGATT-TATAGACG,,,,,,
REL2329, p4,6,9,123, , CL2_1_GTCCGATT-GTCATTGA,,,,,,
REL2388, p4,6.5,9,124, , CL2_1_GTCCGATT-GCATCGTT,,,,,,
REL2528, p4,7,9,125, , CL2_1_GTCCGATT-AGGTTGAC,,,,,,
REL2772, p4,7.5,9,126, , CL2_1_GTCCGATT-TGAAACTG,,,,,,
REL3284, p4,8,9,127, , CL2_1_CACGAGTT-CTGAATTC,,,,,,
REL4014, p4,8.5,9,128, , CL2_1_CACGAGTT-CGTACCGG,,,,,,
REL4335, p4,9,9,129, , CL1_1_CACGAGTT-GATGACGG,,,,,,
REL4455, p4,9.5,9,130, , CL1_1_CCACGGCC-GATGACGG,,,,,,
REL4533, p4,10,9,131, , CL1_1_ACATGTAA-GATGACGG,,,,,,
REL5699, p4,10.5,9,132, , CL1_1_TGTTAACT-GATGACGG,,,,,,
REL6277, p4,11,9,133, , CL1_1_GCTACGCT-TATAGACG,,,,,,
REL6724, p4,11.5,9,134, , CL2_1_CACGAGTT-GATGACGG,,,,,,
REL6869, p4,12,9,135, , CL1_1_AAGAGGCA-TATAGACG,,,,,,
REL7016, p4,12.5,9,136, , CL2_1_CACGAGTT-TATAGACG,,,,,,
REL7078, p4,13,9,137, , CL2_1_CACGAGTT-GTCATTGA,,,,,,
REL7102, p4,13.5,9,138, , CL2_1_CACGAGTT-GCATCGTT,,,,,,
REL7126, p4,14,9,139, , CL2_1_CACGAGTT-AGGTTGAC,,,,,,
REL7150, p4,14.5,9,140, , CL2_1_CACGAGTT-TGAAACTG,,,,,,
REL7186, p4,15,9,141, , CL1_1_GTAGAGGA-TATAGACG,,,,,,
REL7210, p4,15.5,9,142, , CL1_1_TTCTTCTA-TATAGACG,,,,,,
REL7234, p4,16,9,143, , CL1_1_TACCTGAC-TATAGACG,,,,,,
REL7258, p4,16.5,9,144, , CL1_1_AGGACCGC-TATAGACG,,,,,,
REL7282, p4,17,9,145, , CL1_1_GTCCGATT-TATAGACG,,,,,,
REL7307, p4,17.5,9,146, , CL1_1_CACGAGTT-TATAGACG,,,,,,
REL7332, p4,18,9,147, , CL1_1_CCACGGCC-TATAGACG,,,,,,
REL7393, p4,18.5,9,148, , CL1_1_ACATGTAA-TATAGACG,,,,,,
REL7422, p4,19,9,149, , CL1_1_TGTTAACT-TATAGACG,,,,,,
REL7729, p4,19.5,9,150, , CL2_1_CCACGGCC-CTGAATTC,,,,,,
REL8603, p4,20,9,151, , CL2_1_CCACGGCC-CGTACCGG,,,,,,
REL9260, p4,20.5,9,152, , CL2_1_CCACGGCC-GATGACGG,,,,,,
REL9286, p4,21,9,153, , CL1_1_GCTACGCT-GTCATTGA,,,,,,
REL9312, p4,21.5,9,154, , CL1_1_CGAGGCTG-GTCATTGA,,,,,,
REL9350, p4,22,9,155, , CL1_1_AAGAGGCA-GTCATTGA,,,,,,
REL9376, p4,22.5,9,156, , CL1_1_GTAGAGGA-GTCATTGA,,,,,,
REL9409, p4,23,9,157, , CL1_1_TTCTTCTA-GTCATTGA,,,,,,
REL10109, p4,23.5,9,158, , CL1_1_TACCTGAC-GTCATTGA,,,,,,
REL10134, p4,24,9,159, , CL1_1_AGGACCGC-GTCATTGA,,,,,,
REL10159, p4,24.5,9,160, , CL2_1_CCACGGCC-TATAGACG,,,,,,
REL10184, p4,25,9,161, , CL1_1_GTCCGATT-GTCATTGA,,,,,,
REL10208, p4,25.5,9,162, , CL1_1_CACGAGTT-GTCATTGA,,,,,,
REL10232, p4,26,9,163, , CL1_1_CCACGGCC-GTCATTGA,,,,,,
REL10258, p4,26.5,9,164, , CL2_1_CCACGGCC-GTCATTGA,,,,,,
REL10282, p4,27,9,165, , CL1_1_ACATGTAA-GTCATTGA,,,,,,
REL10295, p4,27.5,9,166, , CL1_1_TGTTAACT-GTCATTGA,,,,,,
REL10313, p4,28,9,167, , CL1_1_GCTACGCT-GCATCGTT,,,,,,
REL10328, p4,28.5,9,168, , CL1_1_CGAGGCTG-GCATCGTT,,,,,,
REL10346, p4,29,9,169, , CL1_1_AAGAGGCA-GCATCGTT,,,,,,
REL10376, p4,29.5,9,170, , CL2_1_CCACGGCC-GCATCGTT,,,,,,
REL10388, p4,30,9,171, , CL1_1_GTAGAGGA-GCATCGTT,,,,,,
REL10429, p4,30.5,9,172, , CL1_1_TTCTTCTA-GCATCGTT,,,,,,
REL10444, p4,31,9,173, , CL1_1_TACCTGAC-GCATCGTT,,,,,,
REL10462, p4,31.5,9,174, , CL2_1_CCACGGCC-AGGTTGAC,,,,,,
REL10474, p4,32,9,175, , CL1_1_AGGACCGC-GCATCGTT,,,,,,
REL10486, p4,32.5,9,176, , CL1_1_GTCCGATT-GCATCGTT,,,,,,
REL10498, p4,33,9,177, , CL1_1_CACGAGTT-GCATCGTT,,,,,,
REL10509, p4,33.5,9,178, , CL1_1_CCACGGCC-GCATCGTT,,,,,,
REL10568, p4,34,9,179, , CL1_1_ACATGTAA-GCATCGTT,,,,,,
REL10600, p4,34.5,9,180, , CL1_1_TGTTAACT-GCATCGTT,,,,,,
REL10703, p4,35,9,181, , CL1_1_GCTACGCT-AGGTTGAC,,,,,,
REL10756, p4,35.5,9,182, , CL1_1_CGAGGCTG-AGGTTGAC,,,,,,
REL10790, p4,36,9,183, , CL1_1_AAGAGGCA-AGGTTGAC,,,,,,
REL10817, p4,36.5,9,184, , CL1_1_GTAGAGGA-AGGTTGAC,,,,,,
REL10839, p4,37,9,185, , CL1_1_TTCTTCTA-AGGTTGAC,,,,,,
REL10861, p4,37.5,9,186, , CL1_1_TACCTGAC-AGGTTGAC,,,,,,
REL10878, p4,38,9,187, , CL1_1_GCTACGCT-TGAAACTG,,,,,,
REL10891, p4,38.5,9,188, , CL1_1_CGAGGCTG-TGAAACTG,,,,,,
REL10909, p4,39,9,189, , CL1_1_AAGAGGCA-TGAAACTG,,,,,,
REL10922, p4,39.5,9,190, , CL1_1_GTAGAGGA-TGAAACTG,,,,,,
REL10935, p4,40,9,191, , CL1_1_TTCTTCTA-TGAAACTG,,,,,,
REL10976, p4,40.5,9,192, , CL1_1_TACCTGAC-TGAAACTG,,,,,,
REL11685, p1,59,10,1, , batch_10_1_1_TAAGGCGA-TAGATCGC,,,,,,
REL11719, p1,59.5,10,2, , batch_10_1_1_CGTACTAG-TAGATCGC,,,,,,
REL11765, p1,60,10,3, , batch_10_1_1_AGGCAGAA-TAGATCGC,,,,,,
REL11002, p4,41,10,4, , batch_10_1_1_TCCTGAGC-TAGATCGC,,,,,,
REL11020, p4,41.5,10,5, , batch_10_1_1_GGACTCCT-TAGATCGC,,,,,,
REL11032, p4,42,10,6, , batch_10_1_1_TAGGCATG-TAGATCGC,,,,,,
REL11046, p4,42.5,10,7, , batch_10_1_1_CTCTCTAC-TAGATCGC,,,,,,
REL11058, p4,43,10,8, , batch_10_1_1_CAGAGAGG-TAGATCGC,,,,,,
REL11086, p4,43.5,10,9, , batch_10_1_1_GCTACGCT-TAGATCGC,,,,,,
REL11098, p4,44,10,10, , batch_10_1_1_CGAGGCTG-TAGATCGC,,,,,,
REL11110, p4,44.5,10,11, , batch_10_1_1_AAGAGGCA-TAGATCGC,,,,,,
REL11125, p4,45,10,12, , batch_10_1_1_GTAGAGGA-TAGATCGC,,,,,,
REL11158, p4,45.5,10,13, , batch_10_1_1_TAAGGCGA-CTCTCTAT,,,,,,
REL11179, p4,46,10,14, , batch_10_1_1_CGTACTAG-CTCTCTAT,,,,,,
REL11197, p4,46.5,10,15, , batch_10_1_1_AGGCAGAA-CTCTCTAT,,,,,,
REL11209, p4,47,10,16, , batch_10_1_1_TCCTGAGC-CTCTCTAT,,,,,,
REL11224, p4,47.5,10,17, , batch_10_1_1_GGACTCCT-CTCTCTAT,,,,,,
REL11279, p4,48,10,18, , batch_10_1_1_TAGGCATG-CTCTCTAT,,,,,,
REL11291, p4,48.5,10,19, , batch_10_1_1_CTCTCTAC-CTCTCTAT,,,,,,
REL11303, p4,49,10,20, , batch_10_1_1_CAGAGAGG-CTCTCTAT,,,,,,
REL11315, p4,49.5,10,21, , batch_10_1_1_GCTACGCT-CTCTCTAT,,,,,,
REL11327, p4,50,10,22, , batch_10_1_1_CGAGGCTG-CTCTCTAT,,,,,,
REL11361, p4,50.5,10,23, , batch_10_1_1_AAGAGGCA-CTCTCTAT,,,,,,
REL11386, p4,51,10,24, , batch_10_1_1_GTAGAGGA-CTCTCTAT,,,,,,
REL11405, p4,51.5,10,25, , batch_10_1_1_TAAGGCGA-TATCCTCT,,,,,,
REL11417, p4,52,10,26, , batch_10_1_1_CGTACTAG-TATCCTCT,,,,,,
REL11429, p4,52.5,10,27, , batch_10_1_1_AGGCAGAA-TATCCTCT,,,,,,
REL11441, p4,53,10,28, , batch_10_1_1_TCCTGAGC-TATCCTCT,,,,,,
REL11453, p4,53.5,10,29, , batch_10_1_1_GGACTCCT-TATCCTCT,,,,,,
REL11465, p4,54,10,30, , batch_10_1_1_TAGGCATG-TATCCTCT,,,,,,
REL11480, p4,54.5,10,31, , batch_10_1_1_CTCTCTAC-TATCCTCT,,,,,,
REL11492, p4,55,10,32, , batch_10_1_1_CAGAGAGG-TATCCTCT,,,,,,
REL11525, p4,55.5,10,33, , batch_10_1_1_GCTACGCT-TATCCTCT,,,,,,
REL11546, p4,56,10,34, , batch_10_1_1_CGAGGCTG-TATCCTCT,,,,,,
REL11574, p4,56.5,10,35, , batch_10_1_1_AAGAGGCA-TATCCTCT,,,,,,
REL11608, p4,57,10,36, , batch_10_1_1_GTAGAGGA-TATCCTCT,,,,,,
REL11622, p4,57.5,10,37, , batch_10_1_1_TAAGGCGA-AGAGTAGA,,,,,,
REL11635, p4,58,10,38, , batch_10_1_1_CGTACTAG-AGAGTAGA,,,,,,
REL11649, p4,58.5,10,39, , batch_10_1_1_AGGCAGAA-AGAGTAGA,,,,,,
REL11662, p4,59,10,40, , batch_10_1_1_TCCTGAGC-AGAGTAGA,,,,,,
REL11675, p4,59.5,10,41, , batch_10_1_1_GGACTCCT-AGAGTAGA,,,,,,
REL11688, p4,60,10,42, , batch_10_1_1_TAGGCATG-AGAGTAGA,,,,,,
REL765, m4,0.5,10,43, , batch_10_1_1_CTCTCTAC-AGAGTAGA,,,,,,
REL967, m4,1,10,44, , batch_10_1_1_CAGAGAGG-AGAGTAGA,,,,,,
REL1071, m4,1.5,10,45, , batch_10_1_1_GCTACGCT-AGAGTAGA,,,,,,
REL1167, m4,2,10,46, , batch_10_1_1_CGAGGCTG-AGAGTAGA,,,,,,
REL1285, m4,2.5,10,47, , batch_10_1_1_AAGAGGCA-AGAGTAGA,,,,,,
REL1486, m4,3,10,48, , batch_10_1_1_GTAGAGGA-AGAGTAGA,,,,,,
REL1668, m4,3.5,10,49, , batch_10_1_1_TAAGGCGA-GTAAGGAG,,,,,,
REL1893, m4,4,10,50, , batch_10_1_1_CGTACTAG-GTAAGGAG,,,,,,
REL2087, m4,4.5,10,51, , batch_10_1_1_AGGCAGAA-GTAAGGAG,,,,,,
REL2182, m4,5,10,52, , batch_10_1_1_TCCTGAGC-GTAAGGAG,,,,,,
REL2239, m4,5.5,10,53, , batch_10_1_1_GGACTCCT-GTAAGGAG,,,,,,
REL2335, m4,6,10,54, , batch_10_1_1_TAGGCATG-GTAAGGAG,,,,,,
REL2394, m4,6.5,10,55, , batch_10_1_1_CTCTCTAC-GTAAGGAG,,,,,,
REL2534, m4,7,10,56, , batch_10_1_1_CAGAGAGG-GTAAGGAG,,,,,,
REL2778, m4,7.5,10,57, , batch_10_1_1_GCTACGCT-GTAAGGAG,,,,,,
REL3290, m4,8,10,58, , batch_10_1_1_CGAGGCTG-GTAAGGAG,,,,,,
REL4020, m4,8.5,10,59, , batch_10_1_1_AAGAGGCA-GTAAGGAG,,,,,,
REL4341, m4,9,10,60, , batch_10_1_1_GTAGAGGA-GTAAGGAG,,,,,,
REL4461, m4,9.5,10,61, , batch_10_1_1_TAAGGCGA-ACTGCATA,,,,,,
REL4539, m4,10,10,62, , batch_10_1_1_CGTACTAG-ACTGCATA,,,,,,
REL5698, m4,10.5,10,63, , batch_10_1_1_AGGCAGAA-ACTGCATA,,,,,,
REL6276, m4,11,10,64, , batch_10_1_1_TCCTGAGC-ACTGCATA,,,,,,
REL6723, m4,11.5,10,65, , batch_10_1_1_GGACTCCT-ACTGCATA,,,,,,
REL6868, m4,12,10,66, , batch_10_1_1_TAGGCATG-ACTGCATA,,,,,,
REL7010, m4,12.5,10,67, , batch_10_1_1_CTCTCTAC-ACTGCATA,,,,,,
REL7072, m4,13,10,68, , batch_10_1_1_CAGAGAGG-ACTGCATA,,,,,,
REL7096, m4,13.5,10,69, , batch_10_1_1_GCTACGCT-ACTGCATA,,,,,,
REL7120, m4,14,10,70, , batch_10_1_1_CGAGGCTG-ACTGCATA,,,,,,
REL7144, m4,14.5,10,71, , batch_10_1_1_AAGAGGCA-ACTGCATA,,,,,,
REL7204, m4,15.5,10,72, , batch_10_1_1_GTAGAGGA-ACTGCATA,,,,,,
REL7228, m4,16,10,73, , batch_10_1_1_TAAGGCGA-AAGGAGTA,,,,,,
REL7252, m4,16.5,10,74, , batch_10_1_1_CGTACTAG-AAGGAGTA,,,,,,
REL7276, m4,17,10,75, , batch_10_1_1_AGGCAGAA-AAGGAGTA,,,,,,
REL7301, m4,17.5,10,76, , batch_10_1_1_TCCTGAGC-AAGGAGTA,,,,,,
REL7326, m4,18,10,77, , batch_10_1_1_GGACTCCT-AAGGAGTA,,,,,,
REL7387, m4,18.5,10,78, , batch_10_1_1_TAGGCATG-AAGGAGTA,,,,,,
REL7416, m4,19,10,79, , batch_10_1_1_CTCTCTAC-AAGGAGTA,,,,,,
REL7723, m4,19.5,10,80, , batch_10_1_1_CAGAGAGG-AAGGAGTA,,,,,,
REL8596, m4,20,10,81, , batch_10_1_1_GCTACGCT-AAGGAGTA,,,,,,
REL9253, m4,20.5,10,82, , batch_10_1_1_CGAGGCTG-AAGGAGTA,,,,,,
REL9279, m4,21,10,83, , batch_10_1_1_AAGAGGCA-AAGGAGTA,,,,,,
REL9305, m4,21.5,10,84, , batch_10_1_1_GTAGAGGA-AAGGAGTA,,,,,,
REL9343, m4,22,10,85, , batch_10_1_1_TAAGGCGA-CTAAGCCT,,,,,,
REL9369, m4,22.5,10,86, , batch_10_1_1_CGTACTAG-CTAAGCCT,,,,,,
REL9403, m4,23,10,87, , batch_10_1_1_AGGCAGAA-CTAAGCCT,,,,,,
REL10103, m4,23.5,10,88, , batch_10_1_1_TCCTGAGC-CTAAGCCT,,,,,,
REL10128, m4,24,10,89, , batch_10_1_1_GGACTCCT-CTAAGCCT,,,,,,
REL10153, m4,24.5,10,90, , batch_10_1_1_TAGGCATG-CTAAGCCT,,,,,,
REL10178, m4,25,10,91, , batch_10_1_1_CTCTCTAC-CTAAGCCT,,,,,,
REL10202, m4,25.5,10,92, , batch_10_1_1_CAGAGAGG-CTAAGCCT,,,,,,
REL10226, m4,26,10,93, , batch_10_1_1_GCTACGCT-CTAAGCCT,,,,,,
REL10252, m4,26.5,10,94, , batch_10_1_1_CGAGGCTG-CTAAGCCT,,,,,,
REL10276, m4,27,10,95, , batch_10_1_1_AAGAGGCA-CTAAGCCT,,,,,,
REL10289, m4,27.5,10,96, , batch_10_1_1_GTAGAGGA-CTAAGCCT,,,,,,
REL10307, m4,28,10,97, , batch_10_2_1_TAAGGCGA-CACGTCAG,,,,,,
REL10322, m4,28.5,10,98, , batch_10_2_1_CGTACTAG-CACGTCAG,,,,,,
REL10340, m4,29,10,99, , batch_10_2_1_AGGCAGAA-CACGTCAG,,,,,,
REL10370, m4,29.5,10,100, , batch_10_2_1_TCCTGAGC-CACGTCAG,,,,,,
REL10382, m4,30,10,101, , batch_10_2_1_GGACTCCT-CACGTCAG,,,,,,
REL10423, m4,30.5,10,102, , batch_10_2_1_TAGGCATG-CACGTCAG,,,,,,
REL10438, m4,31,10,103, , batch_10_2_1_CTCTCTAC-CACGTCAG,,,,,,
REL10456, m4,31.5,10,104, , batch_10_2_1_CAGAGAGG-CACGTCAG,,,,,,
REL10468, m4,32,10,105, , batch_10_2_1_GCTACGCT-CACGTCAG,,,,,,
REL10480, m4,32.5,10,106, , batch_10_2_1_CGAGGCTG-CACGTCAG,,,,,,
REL10492, m4,33,10,107, , batch_10_2_1_AAGAGGCA-CACGTCAG,,,,,,
REL10503, m4,33.5,10,108, , batch_10_2_1_GTAGAGGA-CACGTCAG,,,,,,
REL10562, m4,34,10,109, , batch_10_2_1_TAAGGCGA-TGTAATGA,,,,,,
REL10594, m4,34.5,10,110, , batch_10_2_1_CGTACTAG-TGTAATGA,,,,,,
REL10697, m4,35,10,111, , batch_10_2_1_AGGCAGAA-TGTAATGA,,,,,,
REL10750, m4,35.5,10,112, , batch_10_2_1_TCCTGAGC-TGTAATGA,,,,,,
REL10784, m4,36,10,113, , batch_10_2_1_GGACTCCT-TGTAATGA,,,,,,
REL10811, m4,36.5,10,114, , batch_10_2_1_TAGGCATG-TGTAATGA,,,,,,
REL10833, m4,37,10,115, , batch_10_2_1_CTCTCTAC-TGTAATGA,,,,,,
REL10855, m4,37.5,10,116, , batch_10_2_1_CAGAGAGG-TGTAATGA,,,,,,
REL10872, m4,38,10,117, , batch_10_2_1_GCTACGCT-TGTAATGA,,,,,,
REL10885, m4,38.5,10,118, , batch_10_2_1_CGAGGCTG-TGTAATGA,,,,,,
REL10903, m4,39,10,119, , batch_10_2_1_AAGAGGCA-TGTAATGA,,,,,,
REL10916, m4,39.5,10,120, , batch_10_2_1_GTAGAGGA-TGTAATGA,,,,,,
REL10929, m4,40,10,121, , batch_10_2_1_TAAGGCGA-TCACGGTT,,,,,,
REL10970, m4,40.5,10,122, , batch_10_2_1_CGTACTAG-TCACGGTT,,,,,,
REL10996, m4,41,10,123, , batch_10_2_1_AGGCAGAA-TCACGGTT,,,,,,
REL11014, m4,41.5,10,124, , batch_10_2_1_TCCTGAGC-TCACGGTT,,,,,,
REL11026, m4,42,10,125, , batch_10_2_1_GGACTCCT-TCACGGTT,,,,,,
REL11040, m4,42.5,10,126, , batch_10_2_1_TAGGCATG-TCACGGTT,,,,,,
REL11052, m4,43,10,127, , batch_10_2_1_CTCTCTAC-TCACGGTT,,,,,,
REL11080, m4,43.5,10,128, , batch_10_2_1_CAGAGAGG-TCACGGTT,,,,,,
REL11092, m4,44,10,129, , batch_10_2_1_GCTACGCT-TCACGGTT,,,,,,
REL11104, m4,44.5,10,130, , batch_10_2_1_CGAGGCTG-TCACGGTT,,,,,,
REL11119, m4,45,10,131, , batch_10_2_1_AAGAGGCA-TCACGGTT,,,,,,
REL11152, m4,45.5,10,132, , batch_10_2_1_GTAGAGGA-TCACGGTT,,,,,,
REL11173, m4,46,10,133, , batch_10_2_1_TAAGGCGA-TACTAGGT,,,,,,
REL11191, m4,46.5,10,134, , batch_10_2_1_CGTACTAG-TACTAGGT,,,,,,
REL11203, m4,47,10,135, , batch_10_2_1_AGGCAGAA-TACTAGGT,,,,,,
REL11218, m4,47.5,10,136, , batch_10_2_1_TCCTGAGC-TACTAGGT,,,,,,
REL11273, m4,48,10,137, , batch_10_2_1_GGACTCCT-TACTAGGT,,,,,,
REL11285, m4,48.5,10,138, , batch_10_2_1_TAGGCATG-TACTAGGT,,,,,,
REL11297, m4,49,10,139, , batch_10_2_1_CTCTCTAC-TACTAGGT,,,,,,
REL11309, m4,49.5,10,140, , batch_10_2_1_CAGAGAGG-TACTAGGT,,,,,,
REL11321, m4,50,10,141, , batch_10_2_1_GCTACGCT-TACTAGGT,,,,,,
REL11355, m4,50.5,10,142, , batch_10_2_1_CGAGGCTG-TACTAGGT,,,,,,
REL11380, m4,51,10,143, , batch_10_2_1_AAGAGGCA-TACTAGGT,,,,,,
REL11399, m4,51.5,10,144, , batch_10_2_1_GTAGAGGA-TACTAGGT,,,,,,
REL11411, m4,52,10,145, , batch_10_2_1_TAAGGCGA-AGCCAACT,,,,,,
REL11423, m4,52.5,10,146, , batch_10_2_1_CGTACTAG-AGCCAACT,,,,,,
REL11435, m4,53,10,147, , batch_10_2_1_AGGCAGAA-AGCCAACT,,,,,,
REL11447, m4,53.5,10,148, , batch_10_2_1_TCCTGAGC-AGCCAACT,,,,,,
REL11459, m4,54,10,149, , batch_10_2_1_GGACTCCT-AGCCAACT,,,,,,
REL11474, m4,54.5,10,150, , batch_10_2_1_TAGGCATG-AGCCAACT,,,,,,
REL11486, m4,55,10,151, , batch_10_2_1_CTCTCTAC-AGCCAACT,,,,,,
REL11519, m4,55.5,10,152, , batch_10_2_1_CAGAGAGG-AGCCAACT,,,,,,
REL11540, m4,56,10,153, , batch_10_2_1_GCTACGCT-AGCCAACT,,,,,,
REL11568, m4,56.5,10,154, , batch_10_2_1_CGAGGCTG-AGCCAACT,,,,,,
REL11602, m4,57,10,155, , batch_10_2_1_AAGAGGCA-AGCCAACT,,,,,,
REL11615, m4,57.5,10,156, , batch_10_2_1_GTAGAGGA-AGCCAACT,,,,,,
REL11628, m4,58,10,157, , batch_10_2_1_TAAGGCGA-ATTGACAT,,,,,,
REL11642, m4,58.5,10,158, , batch_10_2_1_CGTACTAG-ATTGACAT,,,,,,
REL11655, m4,59,10,159, , batch_10_2_1_AGGCAGAA-ATTGACAT,,,,,,
REL11668, m4,59.5,10,160, , batch_10_2_1_TCCTGAGC-ATTGACAT,,,,,,
REL11681, m4,60,10,161, , batch_10_2_1_GGACTCCT-ATTGACAT,,,,,,
REL10994, m2,41,10,162, , batch_10_2_1_TAGGCATG-ATTGACAT,,,,,,
REL11012, m2,41.5,10,163, , batch_10_2_1_CTCTCTAC-ATTGACAT,,,,,,
REL11024, m2,42,10,164, , batch_10_2_1_CAGAGAGG-ATTGACAT,,,,,,
REL11038, m2,42.5,10,165, , batch_10_2_1_GCTACGCT-ATTGACAT,,,,,,
REL11050, m2,43,10,166, , batch_10_2_1_CGAGGCTG-ATTGACAT,,,,,,
REL11078, m2,43.5,10,167, , batch_10_2_1_AAGAGGCA-ATTGACAT,,,,,,
REL11090, m2,44,10,168, , batch_10_2_1_GTAGAGGA-ATTGACAT,,,,,,
REL11102, m2,44.5,10,169, , batch_10_2_1_TAAGGCGA-TAAGATGG,,,,,,
REL11117, m2,45,10,170, , batch_10_2_1_CGTACTAG-TAAGATGG,,,,,,
REL11150, m2,45.5,10,171, , batch_10_2_1_AGGCAGAA-TAAGATGG,,,,,,
REL11171, m2,46,10,172, , batch_10_2_1_TCCTGAGC-TAAGATGG,,,,,,
REL11189, m2,46.5,10,173, , batch_10_2_1_GGACTCCT-TAAGATGG,,,,,,
REL11201, m2,47,10,174, , batch_10_2_1_TAGGCATG-TAAGATGG,,,,,,
REL11216, m2,47.5,10,175, , batch_10_2_1_CTCTCTAC-TAAGATGG,,,,,,
REL11271, m2,48,10,176, , batch_10_2_1_CAGAGAGG-TAAGATGG,,,,,,
REL11283, m2,48.5,10,177, , batch_10_2_1_GCTACGCT-TAAGATGG,,,,,,
REL11295, m2,49,10,178, , batch_10_2_1_CGAGGCTG-TAAGATGG,,,,,,
REL11307, m2,49.5,10,179, , batch_10_2_1_AAGAGGCA-TAAGATGG,,,,,,
REL11319, m2,50,10,180, , batch_10_2_1_GTAGAGGA-TAAGATGG,,,,,,
REL11353, m2,50.5,10,181, , batch_10_2_1_TAAGGCGA-GACCGCCA,,,,,,
REL11378, m2,51,10,182, , batch_10_2_1_CGTACTAG-GACCGCCA,,,,,,
REL11397, m2,51.5,10,183, , batch_10_2_1_AGGCAGAA-GACCGCCA,,,,,,
REL11409, m2,52,10,184, , batch_10_2_1_TCCTGAGC-GACCGCCA,,,,,,
REL11421, m2,52.5,10,185, , batch_10_2_1_GGACTCCT-GACCGCCA,,,,,,
REL11433, m2,53,10,186, , batch_10_2_1_TAGGCATG-GACCGCCA,,,,,,
REL11445, m2,53.5,10,187, , batch_10_2_1_CTCTCTAC-GACCGCCA,,,,,,
REL11457, m2,54,10,188, , batch_10_2_1_CAGAGAGG-GACCGCCA,,,,,,
REL11472, m2,54.5,10,189, , batch_10_2_1_GCTACGCT-GACCGCCA,,,,,,
REL11484, m2,55,10,190, , batch_10_2_1_CGAGGCTG-GACCGCCA,,,,,,
REL11517, m2,55.5,10,191, , batch_10_2_1_AAGAGGCA-GACCGCCA,,,,,,
REL11538, m2,56,10,192, , batch_10_2_1_GTAGAGGA-GACCGCCA,,,,,,
REL11566, m2,56.5,11,1, , CL3_1_TTCTTCTA-TAGATCGC,,,,,,
REL11600, m2,57,11,2, , CL3_1_TACCTGAC-TAGATCGC,,,,,,
REL11613, m2,57.5,11,3, , CL3_1_AGGACCGC-TAGATCGC,,,,,,
REL11626, m2,58,11,4,1, CL3_1_GTCCGATT-TAGATCGC,,,,,,
REL11640, m2,58.5,11,5, , CL3_1_CACGAGTT-TAGATCGC,,,,,,
REL11653, m2,59,11,6, , CL3_1_CCACGGCC-TAGATCGC,,,,,,
REL11666, m2,59.5,11,7, , CL3_1_TTCTTCTA-CTCTCTAT,,,,,,
REL11679, m2,60,11,8, , CL3_1_TACCTGAC-CTCTCTAT,,,,,,
REL763, m2,0.5,11,9, , CL3_1_AGGACCGC-CTCTCTAT,,,,,,
REL965, m2,1,11,10, , CL3_1_GTCCGATT-CTCTCTAT,,,,,,
REL1069, m2,1.5,11,11, , CL3_1_CACGAGTT-CTCTCTAT,,,,,,
REL1165, m2,2,11,12, , CL3_1_CCACGGCC-CTCTCTAT,,,,,,
REL1283, m2,2.5,11,13, , CL3_1_TTCTTCTA-TATCCTCT,,,,,,
REL1484, m2,3,11,14, , CL3_1_TACCTGAC-TATCCTCT,,,,,,
REL1666, m2,3.5,11,15, , CL3_1_AGGACCGC-TATCCTCT,,,,,,
REL1891, m2,4,11,16, , CL3_1_GTCCGATT-TATCCTCT,,,,,,
REL2085, m2,4.5,11,17, , CL3_1_CACGAGTT-TATCCTCT,,,,,,
REL2180, m2,5,11,18, , CL3_1_CCACGGCC-TATCCTCT,,,,,,
REL2237, m2,5.5,11,19, , CL3_1_TTCTTCTA-AGAGTAGA,,,,,,
REL2333, m2,6,11,20, , CL3_1_TACCTGAC-AGAGTAGA,,,,,,
REL2392, m2,6.5,11,21, , CL3_1_AGGACCGC-AGAGTAGA,,,,,,
REL2532, m2,7,11,22, , CL3_1_GTCCGATT-AGAGTAGA,,,,,,
REL2776, m2,7.5,11,23, , CL3_1_CACGAGTT-AGAGTAGA,,,,,,
REL3288, m2,8,11,24, , CL3_1_CCACGGCC-AGAGTAGA,,,,,,
REL4018, m2,8.5,11,25, , CL3_1_TTCTTCTA-GTAAGGAG,,,,,,
REL4339, m2,9,11,26, , CL3_1_TACCTGAC-GTAAGGAG,,,,,,
REL4459, m2,9.5,11,27, , CL3_1_AGGACCGC-GTAAGGAG,,,,,,
REL4537, m2,10,11,28, , CL3_1_GTCCGATT-GTAAGGAG,,,,,,
REL5694, m2,10.5,11,29, , CL3_1_CACGAGTT-GTAAGGAG,,,,,,
REL6272, m2,11,11,30, , CL3_1_CCACGGCC-GTAAGGAG,,,,,,
REL6719, m2,11.5,11,31, , CL3_1_TTCTTCTA-ACTGCATA,,,,,,
REL6864, m2,12,11,32, , CL3_1_TACCTGAC-ACTGCATA,,,,,,
REL7008, m2,12.5,11,33, , CL3_1_AGGACCGC-ACTGCATA,,,,,,
REL7070, m2,13,11,34, , CL3_1_GTCCGATT-ACTGCATA,,,,,,
REL7094, m2,13.5,11,35, , CL3_1_CACGAGTT-ACTGCATA,,,,,,
REL7118, m2,14,11,36, , CL3_1_CCACGGCC-ACTGCATA,,,,,,
REL7142, m2,14.5,11,37, , CL3_1_TTCTTCTA-AAGGAGTA,,,,,,
REL7178, m2,15,11,38, , CL3_1_TACCTGAC-AAGGAGTA,,,,,,
REL7202, m2,15.5,11,39, , CL3_1_AGGACCGC-AAGGAGTA,,,,,,
REL7226, m2,16,11,40, , CL3_1_GTCCGATT-AAGGAGTA,,,,,,
REL7250, m2,16.5,11,41, , CL3_1_CACGAGTT-AAGGAGTA,,,,,,
REL7274, m2,17,11,42, , CL3_1_CCACGGCC-AAGGAGTA,,,,,,
REL7299, m2,17.5,11,43, , CL3_1_TTCTTCTA-CTAAGCCT,,,,,,
REL7324, m2,18,11,44, , CL3_1_TACCTGAC-CTAAGCCT,,,,,,
REL7385, m2,18.5,11,45, , CL3_1_AGGACCGC-CTAAGCCT,,,,,,
REL7414, m2,19,11,46, , CL3_1_GTCCGATT-CTAAGCCT,,,,,,
REL7721, m2,19.5,11,47, , CL3_1_CACGAGTT-CTAAGCCT,,,,,,
REL8594, m2,20,11,48, , CL3_1_CCACGGCC-CTAAGCCT,,,,,,
REL9251, m2,20.5,11,49, , CL3_1_TAAGGCGA-GTAAGGAG,,,,,,
REL9277, m2,21,11,50, , CL3_1_CGTACTAG-GTAAGGAG,,,,,,
REL9303, m2,21.5,11,51, , CL3_1_AGGCAGAA-GTAAGGAG,,,,,,
REL9341, m2,22,11,52, , CL3_1_TCCTGAGC-GTAAGGAG,,,,,,
REL9367, m2,22.5,11,53, , CL3_1_GGACTCCT-GTAAGGAG,,,,,,
REL9401, m2,23,11,54, , CL3_1_TAGGCATG-GTAAGGAG,,,,,,
REL10101, m2,23.5,11,55, , CL3_1_CTCTCTAC-GTAAGGAG,,,,,,
REL10126, m2,24,11,56, , CL3_1_CAGAGAGG-GTAAGGAG,,,,,,
REL10151, m2,24.5,11,57, , CL3_1_GCTACGCT-GTAAGGAG,,,,,,
REL10176, m2,25,11,58, , CL3_1_CGAGGCTG-GTAAGGAG,,,,,,
REL10200, m2,25.5,11,59, , CL3_1_AAGAGGCA-GTAAGGAG,,,,,,
REL10224, m2,26,11,60, , CL3_1_GTAGAGGA-GTAAGGAG,,,,,,
REL10250, m2,26.5,11,61, , CL3_1_TAAGGCGA-ACTGCATA,,,,,,
REL10274, m2,27,11,62, , CL3_1_CGTACTAG-ACTGCATA,,,,,,
REL10287, m2,27.5,11,63, , CL3_1_AGGCAGAA-ACTGCATA,,,,,,
REL10305, m2,28,11,64, , CL3_1_TCCTGAGC-ACTGCATA,,,,,,
REL10320, m2,28.5,11,65, , CL3_1_GGACTCCT-ACTGCATA,,,,,,
REL10338, m2,29,11,66, , CL3_1_TAGGCATG-ACTGCATA,,,,,,
REL10368, m2,29.5,11,67, , CL3_1_CTCTCTAC-ACTGCATA,,,,,,
REL10380, m2,30,11,68, , CL3_1_CAGAGAGG-ACTGCATA,,,,,,
REL10421, m2,30.5,11,69, , CL3_1_GCTACGCT-ACTGCATA,,,,,,
REL10436, m2,31,11,70, , CL3_1_CGAGGCTG-ACTGCATA,,,,,,
REL10454, m2,31.5,11,71, , CL3_1_AAGAGGCA-ACTGCATA,,,,,,
REL10466, m2,32,11,72, , CL3_1_GTAGAGGA-ACTGCATA,,,,,,
REL10478, m2,32.5,11,73, , CL3_1_TAAGGCGA-AAGGAGTA,,,,,,
REL10490, m2,33,11,74, , CL3_1_CGTACTAG-AAGGAGTA,,,,,,
REL10502, m2,33.5,11,75, , CL3_1_AGGCAGAA-AAGGAGTA,,,,,,
REL10560, m2,34,11,76, , CL3_1_TCCTGAGC-AAGGAGTA,,,,,,
REL10592, m2,34.5,11,77, , CL3_1_GGACTCCT-AAGGAGTA,,,,,,
REL10695, m2,35,11,78, , CL3_1_TAGGCATG-AAGGAGTA,,,,,,
REL10748, m2,35.5,11,79, , CL3_1_CTCTCTAC-AAGGAGTA,,,,,,
REL10782, m2,36,11,80, , CL3_1_CAGAGAGG-AAGGAGTA,,,,,,
REL10809, m2,36.5,11,81, , CL3_1_GCTACGCT-AAGGAGTA,,,,,,
REL10831, m2,37,11,82, , CL3_1_CGAGGCTG-AAGGAGTA,,,,,,
REL10853, m2,37.5,11,83, , CL3_1_AAGAGGCA-AAGGAGTA,,,,,,
REL10870, m2,38,11,84, , CL3_1_GTAGAGGA-AAGGAGTA,,,,,,
REL10883, m2,38.5,11,85, , CL3_1_TAAGGCGA-CTAAGCCT,,,,,,
REL10901, m2,39,11,86, , CL3_1_CGTACTAG-CTAAGCCT,,,,,,
REL10914, m2,39.5,11,87, , CL3_1_AGGCAGAA-CTAAGCCT,,,,,,
REL10927, m2,40,11,88, , CL3_1_TCCTGAGC-CTAAGCCT,,,,,,
REL10968, m2,40.5,11,89, , CL3_1_GGACTCCT-CTAAGCCT,,,,,,
REL5692, m1,10.5,11,90, , CL3_1_TAGGCATG-CTAAGCCT,,,,,,
REL6717, m1,11.5,11,91, , CL3_1_CTCTCTAC-CTAAGCCT,,,,,,
REL7007, m1,12.5,11,92, , CL3_1_CAGAGAGG-CTAAGCCT,,,,,,
REL7093, m1,13.5,11,93, , CL3_1_GCTACGCT-CTAAGCCT,,,,,,
REL7141, m1,14.5,11,94, , CL3_1_CGAGGCTG-CTAAGCCT,,,,,,
REL7201, m1,15.5,11,95, , CL3_1_AAGAGGCA-CTAAGCCT,,,,,,
REL7249, m1,16.5,11,96, , CL3_1_GTAGAGGA-CTAAGCCT,,,,,,
REL7298, m1,17.5,11,97, , CL3_1_TTCTTCTA-CTGAATTC,,,,,,
REL7384, m1,18.5,11,98, , CL3_1_TACCTGAC-CTGAATTC,,,,,,
REL7720, m1,19.5,11,99, , CL3_1_AGGACCGC-CTGAATTC,,,,,,
REL9250, m1,20.5,11,100, , CL3_1_GTCCGATT-CTGAATTC,,,,,,
REL11188, m1,46.5,11,101, , CL3_1_CACGAGTT-CTGAATTC,,,,,,
REL11215, m1,47.5,11,102, , CL3_1_TTCTTCTA-CGTACCGG,,,,,,
REL11294, m1,49,11,103, , CL3_1_TACCTGAC-CGTACCGG,,,,,,
REL11318, m1,50,11,104, , CL3_1_AGGACCGC-CGTACCGG,,,,,,
REL11377, m1,51,11,105, , CL3_1_GTCCGATT-CGTACCGG,,,,,,
REL11408, m1,52,11,106, , CL3_1_CACGAGTT-CGTACCGG,,,,,,
REL11432, m1,53,11,107, , CL3_1_TTCTTCTA-GATGACGG,,,,,,
REL11456, m1,54,11,108, , CL3_1_TACCTGAC-GATGACGG,,,,,,
REL11483, m1,55,11,109, , CL3_1_AGGACCGC-GATGACGG,,,,,,
REL11537, m1,56,11,110, , CL3_1_GTCCGATT-GATGACGG,,,,,,
REL11599, m1,57,11,111, , CL3_1_CACGAGTT-GATGACGG,,,,,,
REL11625, m1,58,11,112, , CL3_1_TTCTTCTA-TATAGACG,,,,,,
REL11652, m1,59,11,113, , CL3_1_TACCTGAC-TATAGACG,,,,,,
REL11678, m1,60,11,114, , CL3_1_AGGACCGC-TATAGACG,,,,,,
REL5696, m3;m7;m8,10.5,11,115, , CL3_1_GTCCGATT-TATAGACG,,,,,,
REL6721, m3;m7;m8,11.5,11,116, , CL3_1_CACGAGTT-TATAGACG,,,,,,
REL7009, m3;m7;m8,12.5,11,117, , CL3_1_TTCTTCTA-GTCATTGA,,,,,,
REL7095, m3;m7;m8,13.5,11,118, , CL3_1_TACCTGAC-GTCATTGA,,,,,,
REL7143, m3;m7;m8,14.5,11,119, , CL3_1_AGGACCGC-GTCATTGA,,,,,,
REL7203, m3;m7;m8,15.5,11,120, , CL3_1_GTCCGATT-GTCATTGA,,,,,,
REL7251, m3;m7;m8,16.5,11,121, , CL3_1_CACGAGTT-GTCATTGA,,,,,,
REL7300, m3;m7;m8,17.5,11,122, , CL3_1_TTCTTCTA-GCATCGTT,,,,,,
REL7386, m3;m7;m8,18.5,11,123, , CL3_1_TACCTGAC-GCATCGTT,,,,,,
REL7722, m3;m7;m8,19.5,11,124, , CL3_1_AGGACCGC-GCATCGTT,,,,,,
REL9252, m3;m7;m8,20.5,11,125, , CL3_1_GTCCGATT-GCATCGTT,,,,,,
REL11202, m3,46.5,11,126, , CL3_1_CACGAGTT-GCATCGTT,,,,,,
REL11272, m3,47.5,11,127, , CL3_1_TTCTTCTA-AGGTTGAC,,,,,,
REL11308, m3,49,11,128, , CL3_1_TACCTGAC-AGGTTGAC,,,,,,
REL11354, m3,50,11,129, , CL3_1_AGGACCGC-AGGTTGAC,,,,,,
REL11398, m3,51,11,130, , CL3_1_GTCCGATT-AGGTTGAC,,,,,,
REL11422, m3,52,11,131, , CL3_1_CACGAGTT-AGGTTGAC,,,,,,
REL11446, m3,53,11,132, , CL3_1_TTCTTCTA-TGAAACTG,,,,,,
REL11473, m3,54,11,133, , CL3_1_TACCTGAC-TGAAACTG,,,,,,
REL11518, m3,55,11,134, , CL3_1_AGGACCGC-TGAAACTG,,,,,,
REL11567, m3,56,11,135, , CL3_1_GTCCGATT-TGAAACTG,,,,,,
REL11614, m3,57,11,136, , CL3_1_CACGAGTT-TGAAACTG,,,,,,
REL11641, m3,58,11,137, , CL3_1_TTCTTCTA-GACCGCCA,,,,,,
REL11667, m3,59,11,138, , CL3_1_TACCTGAC-GACCGCCA,,,,,,
REL11714, m3,60,11,139, , CL3_1_AGGACCGC-GACCGCCA,,,,,,
BG16, m1,1.3,11,140,1, CL3_1_GTCCGATT-GACCGCCA,,,,,,
REL11611, m7,43,11,141, , CL3_1_CACGAGTT-GACCGCCA,,,,,,
REL11618, m7,43.5,11,142, , CL3_1_TTCTTCTA-TAAGATGG,,,,,,
REL11079, m8,43,11,143, , CL3_1_TACCTGAC-TAAGATGG,,,,,,
REL11091, m8,43.5,11,144, , CL3_1_AGGACCGC-TAAGATGG,,,,,,
REL11631, m7,44,11,145, , CL3_1_GTCCGATT-TAAGATGG,,,,,,
REL11645, m7,44.5,11,146, , CL3_1_CACGAGTT-TAAGATGG,,,,,,
REL11658, m7,45,11,147, , CL3_1_TTCTTCTA-ATTGACAT,,,,,,
REL11671, m7,45.5,11,148, , CL3_1_TACCTGAC-ATTGACAT,,,,,,
REL11684, m7,46,11,149, , CL3_1_AGGACCGC-ATTGACAT,,,,,,
REL11718, m7,46.5,11,150, , CL3_1_GTCCGATT-ATTGACAT,,,,,,
REL11764, m7,47,11,151, , CL3_1_CACGAGTT-ATTGACAT,,,,,,
REL11783, m7,47.5,11,152, , CL3_1_TTCTTCTA-AGCCAACT,,,,,,
REL11796, m7,48,11,153, , CL3_1_TACCTGAC-AGCCAACT,,,,,,
REL11809, m7,48.5,11,154, , CL3_1_AGGACCGC-AGCCAACT,,,,,,
REL11822, m7,49,11,155, , CL3_1_GTCCGATT-AGCCAACT,,,,,,
REL11840, m7,49.5,11,156, , CL3_1_CACGAGTT-AGCCAACT,,,,,,
REL11103, m8,44,11,157, , CL3_1_TTCTTCTA-TACTAGGT,,,,,,
REL11118, m8,44.5,11,158, , CL3_1_TACCTGAC-TACTAGGT,,,,,,
REL11151, m8,45,11,159, , CL3_1_AGGACCGC-TACTAGGT,,,,,,
REL11172, m8,45.5,11,160, , CL3_1_GTCCGATT-TACTAGGT,,,,,,
REL11190, m8,46,11,161, , CL3_1_CACGAGTT-TACTAGGT,,,,,,
REL11202, m8,46.5,11,162, , CL3_1_TTCTTCTA-TCACGGTT,,,,,,
REL11217, m8,47,11,163, , CL3_1_TACCTGAC-TCACGGTT,,,,,,
REL11272, m8,47.5,11,164, , CL3_1_AGGACCGC-TCACGGTT,,,,,,
REL11284, m8,48,11,165, , CL3_1_GTCCGATT-TCACGGTT,,,,,,
REL11296, m8,48.5,11,166, , CL3_1_CACGAGTT-TCACGGTT,,,,,,
REL11308, m8,49,11,167, , CL3_1_TTCTTCTA-TGTAATGA,,,,,,
REL11320, m8,49.5,11,168, , CL3_1_TACCTGAC-TGTAATGA,,,,,,
