lines,position,type,Change
line1,501158,deletion,1_bp
line1,2131465,deletion,1_bp
line1,4194913,deletion,1_bp
line3,1995676,deletion,1_bp
line4,475293,deletion,1_bp
line4,2131465,deletion,1_bp
line6,1305676,deletion,1_bp
line6,2131465,deletion,1_bp
line7,3165608,deletion,1_bp
line7,3264051,deletion,1_bp
line9,1305210,deletion,1_bp
line9,2131465,deletion,1_bp
line11,1305544,deletion,1_bp
line11,4205546,deletion,1_bp
line12,1345202,deletion,1_bp
line12,3905066,deletion,1_bp
line14,2237517,deletion,1_bp
line20,2131465,deletion,1_bp
line21,3339490,deletion,1_bp
line21,3905061,deletion,1_bp
line22,2131465,deletion,1_bp
line22,3156711,deletion,1_bp
line22,3905040,deletion,1_bp
line23,2131465,deletion,1_bp
line24,798266,deletion,1_bp
line24,3905061,deletion,1_bp
line25,1290248,deletion,1_bp
line26,474314,deletion,1_bp
line31,4187768,deletion,1_bp
line33,242195,deletion,1_bp
line33,474651,deletion,1_bp
line33,4497956,deletion,1_bp
line34,1995676,deletion,1_bp
line39,1124061,deletion,1_bp
line41,2036373,deletion,1_bp
line41,2616303,deletion,1_bp
line42,1183567,deletion,1_bp
line42,1290471,deletion,1_bp
line42,2997462,deletion,1_bp
line42,3029253,deletion,1_bp
line42,3905040,deletion,1_bp
line44,2131465,deletion,1_bp
line46,2131465,deletion,1_bp
line47,475301,deletion,1_bp
line51,1332142,deletion,1_bp
line52,3570809,deletion,1_bp
line55,2131465,deletion,1_bp
line56,3021982,deletion,1_bp
line57,4195019,deletion,1_bp
line58,2105116,deletion,1_bp
line58,2114852,deletion,1_bp
line59,474805,deletion,1_bp
line59,3883151,deletion,1_bp
line60,2665437,deletion,1_bp
line65,2131465,deletion,1_bp
line66,3021895,deletion,1_bp
line69,3905040,deletion,1_bp
line71,3905040,deletion,1_bp
line73,1305676,deletion,1_bp
line73,2114852,deletion,1_bp
line73,3268816,deletion,1_bp
line74,3401031,deletion,1_bp
line75,3028244,deletion,1_bp
line75,3905061,deletion,1_bp
line76,3489371,deletion,1_bp
line77,474205,deletion,1_bp
line77,2141336,deletion,1_bp
line79,2520689,deletion,1_bp
line79,4089764,deletion,1_bp
line80,474358,deletion,1_bp
line80,795315,deletion,1_bp
line80,1305474,deletion,1_bp
line80,4195692,deletion,1_bp
line81,4185626,deletion,1_bp
line82,1689706,deletion,1_bp
line83,4195276,deletion,1_bp
line84,2131465,deletion,1_bp
line85,2131465,deletion,1_bp
line91,3905040,deletion,1_bp
line93,1290438,deletion,1_bp
line93,2298658,deletion,1_bp
line94,2131465,deletion,1_bp
line96,2131465,deletion,1_bp
line101,796328,deletion,1_bp
line105,2195256,deletion,1_bp
line105,4196954,deletion,1_bp
line107,2297796,deletion,1_bp
line107,4497956,deletion,1_bp
line108,79128,deletion,1_bp
line108,352369,deletion,1_bp
line108,1002930,deletion,1_bp
line108,1183392,deletion,1_bp
line108,1296048,deletion,1_bp
line108,1691512,deletion,1_bp
line108,2131465,deletion,1_bp
line108,3905040,deletion,1_bp
line108,3905343,deletion,1_bp
line108,4031604,deletion,1_bp
line118,1305968,deletion,1_bp
line119,2131465,deletion,1_bp
line120,2131465,deletion,1_bp
line122,1822155,deletion,1_bp
line122,2131465,deletion,1_bp
line122,3905061,deletion,1_bp
line124,2131465,deletion,1_bp
line124,3570568,deletion,1_bp
line132,475295,deletion,1_bp
line132,795721,deletion,1_bp
line132,2131465,deletion,1_bp
line133,3027166,deletion,1_bp
line133,3489371,deletion,1_bp
line134,2131465,deletion,1_bp
line135,1304913,deletion,1_bp
line135,3905040,deletion,1_bp
line136,2131465,deletion,1_bp
line137,2131465,deletion,1_bp
line138,2131465,deletion,1_bp
line139,1081202,deletion,1_bp
line140,547894,deletion,1_bp
line141,1304929,deletion,1_bp
line142,474519,deletion,1_bp
line142,3535091,deletion,1_bp
line1,1306123,deletion,10_bp
line23,1306021,deletion,10_bp
line48,1881187,deletion,10_bp
line108,1306022,deletion,10_bp
line39,4090341,deletion,13_bp
line52,1476356,deletion,13_bp
line70,475145,deletion,13_bp
line3,3905220,deletion,15_bp
line25,3905220,deletion,15_bp
line46,3905220,deletion,15_bp
line65,3905220,deletion,15_bp
line87,474100,deletion,15_bp
line64,2490671,deletion,16_bp
line107,433584,deletion,16_bp
line3,3147784,deletion,19_bp
line4,2105119,deletion,2_bp
line6,2874153,deletion,2_bp
line24,2131469,deletion,2_bp
line28,4195159,deletion,2_bp
line43,1332142,deletion,2_bp
line75,1345206,deletion,2_bp
line81,474489,deletion,2_bp
line81,4090261,deletion,2_bp
line83,474210,deletion,2_bp
line108,340397,deletion,2_bp
line114,3882908,deletion,2_bp
line95,3147772,deletion,24_bp
line8,1932316,deletion,3_bp
line14,2009951,deletion,3_bp
line42,4156168,deletion,3_bp
line53,3014068,deletion,3_bp
line64,3014067,deletion,3_bp
line70,2904109,deletion,3_bp
line72,2298776,deletion,3_bp
line95,4162043,deletion,3_bp
line112,3014067,deletion,3_bp
line120,3147783,deletion,3_bp
line142,3619788,deletion,3_bp
line143,3755754,deletion,3_bp
line141,475213,deletion,30_bp
line53,3228520,deletion,38_bp
line12,475060,deletion,4_bp
line25,2103897,deletion,4_bp
line46,2103897,deletion,4_bp
line56,4090638,deletion,4_bp
line58,2103896,deletion,4_bp
line73,4127841,deletion,4_bp
line78,3612972,deletion,4_bp
line85,474233,deletion,4_bp
line97,2298766,deletion,4_bp
line107,2103895,deletion,4_bp
line133,2103895,deletion,4_bp
line16,3905946,deletion,5_bp
line38,4342404,deletion,5_bp
line42,433497,deletion,5_bp
line69,3339061,deletion,5_bp
line32,3512441,deletion,6_bp
line55,474603,deletion,6_bp
line59,3014088,deletion,6_bp
line91,3014088,deletion,6_bp
line101,3014088,deletion,6_bp
line108,4368842,deletion,6_bp
line51,3145831,deletion,7_bp
line13,2511677,deletion,8_bp
line31,474377,deletion,9_bp
line43,1670484,deletion,9_bp
line48,4156960,deletion,9_bp
line53,2298080,deletion,9_bp
line72,474392,deletion,9_bp
line122,3145989,deletion,9_bp
line112,4253827,duplication_2_fold,123644_bp
line77,4210608,duplication_2_fold,12906_bp
line13,619107,duplication_2_fold,14141_bp
line33,619107,duplication_2_fold,14141_bp
line47,619107,duplication_2_fold,14141_bp
line80,619107,duplication_2_fold,14141_bp
line92,619107,duplication_2_fold,14141_bp
line134,619107,duplication_2_fold,14141_bp
line120,4477054,duplication_2_fold,1416_bp
line21,4180495,duplication_2_fold,26121_bp
line74,4180495,duplication_2_fold,274693_bp
line52,4249661,duplication_2_fold,34380_bp
line68,4180495,duplication_2_fold,37359_bp
line92,4203313,duplication_2_fold,402905_bp
line106,713039,duplication_2_fold,4400_bp
line34,4316288,duplication_2_fold,47602_bp
line95,3480761,duplication_2_fold,63437_bp
line79,1606574,duplication_2_fold,6345_bp
line58,3571133,duplication_2_fold,72304_bp
line31,619107,duplication_2_fold,7242_bp
line40,619107,duplication_2_fold,7242_bp
line68,3351146,duplication_2_fold,76613_bp
line74,3351146,duplication_2_fold,82090_bp
line13,4268828,duplication_2_fold,83960_bp
line14,4340746,duplication_2_fold,8403_bp
line1,3490532,insertion,1_bp
line3,474447,insertion,1_bp
line3,1290311,insertion,1_bp
line4,3905066,insertion,1_bp
line7,3893558,insertion,1_bp
line16,2110904,insertion,1_bp
line17,1004254,insertion,1_bp
line20,4195479,insertion,1_bp
line32,598333,insertion,1_bp
line32,3905040,insertion,1_bp
line34,3905040,insertion,1_bp
line35,1332142,insertion,1_bp
line38,422593,insertion,1_bp
line41,1689706,insertion,1_bp
line41,2775887,insertion,1_bp
line41,4196241,insertion,1_bp
line44,798266,insertion,1_bp
line48,3895007,insertion,1_bp
line51,2035632,insertion,1_bp
line52,3905066,insertion,1_bp
line67,2175234,insertion,1_bp
line68,3905066,insertion,1_bp
line69,795315,insertion,1_bp
line71,664684,insertion,1_bp
line77,1332142,insertion,1_bp
line83,2409848,insertion,1_bp
line84,4195267,insertion,1_bp
line89,422593,insertion,1_bp
line101,3905040,insertion,1_bp
line108,242195,insertion,1_bp
line108,422593,insertion,1_bp
line108,837875,insertion,1_bp
line108,939354,insertion,1_bp
line108,1111959,insertion,1_bp
line108,1895224,insertion,1_bp
line108,2405403,insertion,1_bp
line108,4589747,insertion,1_bp
line112,2116048,insertion,1_bp
line112,3755262,insertion,1_bp
line118,3895007,insertion,1_bp
line120,3905040,insertion,1_bp
line122,1014628,insertion,1_bp
line130,761722,insertion,1_bp
line133,3905040,insertion,1_bp
line134,3920427,insertion,1_bp
line136,1995679,insertion,1_bp
line136,3905040,insertion,1_bp
line138,3905040,insertion,1_bp
line139,1689706,insertion,1_bp
line142,3893558,insertion,1_bp
line82,4090107,insertion,11_bp
line79,474706,insertion,15_bp
line1,474099,insertion,2_bp
line11,3318533,insertion,2_bp
line13,4195374,insertion,2_bp
line16,474186,insertion,2_bp
line71,1690714,insertion,2_bp
line76,4195598,insertion,2_bp
line77,3613049,insertion,2_bp
line107,4090567,insertion,2_bp
line70,4090428,insertion,25_bp
line106,4090527,insertion,25_bp
line1,3921407,insertion,3_bp
line12,990170,insertion,3_bp
line42,3326721,insertion,3_bp
line52,2298589,insertion,3_bp
line70,2362396,insertion,3_bp
line74,3893558,insertion,3_bp
line132,3145973,insertion,3_bp
line2,2103895,insertion,4_bp
line7,2103895,insertion,4_bp
line24,2103895,insertion,4_bp
line41,2103895,insertion,4_bp
line57,2563628,insertion,4_bp
line67,2103895,insertion,4_bp
line91,2103896,insertion,4_bp
line107,3535525,insertion,4_bp
line119,2103895,insertion,4_bp
line137,2103895,insertion,4_bp
line138,2103895,insertion,4_bp
line28,4090422,insertion,5_bp
line53,4101731,insertion,5_bp
line20,3577724,insertion,6_bp
line84,3512490,insertion,6_bp
line137,3014092,insertion,6_bp
line64,2299039,insertion,7_bp
line43,3014218,insertion,8_bp
line114,2298770,insertion,8_bp
line14,2236102,insertion,9_bp
line64,474374,insertion,9_bp
line68,2199014,insertion,9_bp
line79,3921291,insertion,9_bp
line51,4602088,is_insertion,IS1
line78,2045641,is_insertion,IS1
line97,294445,is_insertion,IS1
line112,4253827,is_insertion,IS1
line114,1305798,is_insertion,IS1
line119,474423,is_insertion,IS1
line139,1886677,is_insertion,IS1
line2,1305418,is_insertion,IS150
line5,968327,is_insertion,IS150
line5,1305482,is_insertion,IS150
line5,4194995,is_insertion,IS150
line8,1305435,is_insertion,IS150
line10,1305482,is_insertion,IS150
line11,1812840,is_insertion,IS150
line12,1305482,is_insertion,IS150
line12,3895063,is_insertion,IS150
line13,16989,is_insertion,IS150
line13,1305482,is_insertion,IS150
line13,3652563,is_insertion,IS150
line15,490300,is_insertion,IS150
line16,3015777,is_insertion,IS150
line20,1305418,is_insertion,IS150
line25,1305418,is_insertion,IS150
line34,1305418,is_insertion,IS150
line35,3015777,is_insertion,IS150
line53,3570732,is_insertion,IS150
line54,1305418,is_insertion,IS150
line58,1305482,is_insertion,IS150
line58,3270453,is_insertion,IS150
line60,1305418,is_insertion,IS150
line61,1305482,is_insertion,IS150
line66,1305482,is_insertion,IS150
line66,1619870,is_insertion,IS150
line66,1976790,is_insertion,IS150
line66,3652563,is_insertion,IS150
line68,1821490,is_insertion,IS150
line69,3015777,is_insertion,IS150
line72,3015777,is_insertion,IS150
line77,1305298,is_insertion,IS150
line85,1306035,is_insertion,IS150
line86,3013376,is_insertion,IS150
line87,1305482,is_insertion,IS150
line105,1305418,is_insertion,IS150
line120,1988489,is_insertion,IS150
line120,3015261,is_insertion,IS150
line120,3103282,is_insertion,IS150
line122,3014539,is_insertion,IS150
line127,3015777,is_insertion,IS150
line132,627132,is_insertion,IS150
line136,16989,is_insertion,IS150
line136,1182773,is_insertion,IS150
line136,2681620,is_insertion,IS150
line136,3015777,is_insertion,IS150
line136,3570945,is_insertion,IS150
line7,1124925,is_insertion,IS186
line32,1125560,is_insertion,IS186
line66,433621,is_insertion,IS186
line69,1941969,is_insertion,IS186
line92,4203313,is_insertion,IS186
line138,784726,is_insertion,IS186
line3,2448496,is_insertion,IS4
line31,2448496,is_insertion,IS4
line44,2448496,is_insertion,IS4
line120,2448496,is_insertion,IS4
line132,1297417,large_deletion,10213_bp
line126,1305325,large_deletion,106_bp
line28,787878,large_deletion,12076_bp
line64,3697083,large_deletion,1256_bp
line130,761514,large_deletion,132_bp
line27,2842094,large_deletion,138_bp
line134,1306055,large_deletion,1429_bp
line106,664684,large_deletion,1446_bp
line138,664684,large_deletion,1446_bp
line138,1304650,large_deletion,1625_bp
line51,1303174,large_deletion,1633_bp
line8,3638825,large_deletion,168_bp
line83,1303071,large_deletion,1757_bp
line39,4141418,large_deletion,1798_bp
line17,3493603,large_deletion,18852_bp
line76,474391,large_deletion,210_bp
line87,547700,large_deletion,21148_bp
line6,2100315,large_deletion,22124_bp
line18,2100315,large_deletion,22124_bp
line34,2100315,large_deletion,22124_bp
line35,2100315,large_deletion,22124_bp
line68,2100315,large_deletion,22124_bp
line69,2100315,large_deletion,22124_bp
line141,2100315,large_deletion,22124_bp
line93,1304864,large_deletion,223_bp
line4,2032562,large_deletion,23164_bp
line6,2032562,large_deletion,23164_bp
line7,2032562,large_deletion,23164_bp
line16,2032562,large_deletion,23164_bp
line28,2032562,large_deletion,23164_bp
line32,2032562,large_deletion,23164_bp
line33,2032562,large_deletion,23164_bp
line39,2032562,large_deletion,23164_bp
line40,2032562,large_deletion,23164_bp
line52,2032562,large_deletion,23164_bp
line54,2032562,large_deletion,23164_bp
line55,2032562,large_deletion,23164_bp
line76,2032562,large_deletion,23164_bp
line83,2032562,large_deletion,23164_bp
line94,2032562,large_deletion,23164_bp
line105,2032562,large_deletion,23164_bp
line106,2032562,large_deletion,23164_bp
line131,2032562,large_deletion,23164_bp
line134,2032562,large_deletion,23164_bp
line139,2032562,large_deletion,23164_bp
line140,2032562,large_deletion,23164_bp
line44,1305724,large_deletion,276_bp
line17,590476,large_deletion,28640_bp
line53,590476,large_deletion,28640_bp
line71,590476,large_deletion,28640_bp
line27,475290,large_deletion,2896_bp
line67,761801,large_deletion,304_bp
line94,762045,large_deletion,316_bp
line81,1302689,large_deletion,3193_bp
line61,4194883,large_deletion,3658_bp
line74,1304523,large_deletion,367_bp
line43,547700,large_deletion,40793_bp
line48,547700,large_deletion,40793_bp
line52,547700,large_deletion,40793_bp
line55,547700,large_deletion,40793_bp
line59,547700,large_deletion,40793_bp
line76,547700,large_deletion,40793_bp
line78,547700,large_deletion,40793_bp
line114,547700,large_deletion,40793_bp
line119,547700,large_deletion,40793_bp
line122,3843794,large_deletion,54_bp
line124,3843794,large_deletion,54_bp
line120,3228603,large_deletion,555_bp
line12,3895007,large_deletion,56_bp
line45,4195695,large_deletion,580_bp
line78,1299003,large_deletion,5818_bp
line79,1289459,large_deletion,612_bp
line38,1609338,large_deletion,6133_bp
line84,1299878,large_deletion,6195_bp
line35,1609176,large_deletion,6249_bp
line87,1609176,large_deletion,6249_bp
line139,1609176,large_deletion,6249_bp
line91,4089433,large_deletion,632_bp
line76,1305306,large_deletion,641_bp
line2,4195075,large_deletion,669_bp
line6,762023,large_deletion,70_bp
line4,547700,large_deletion,71416_bp
line5,547700,large_deletion,71416_bp
line8,547700,large_deletion,71416_bp
line12,547700,large_deletion,71416_bp
line16,547700,large_deletion,71416_bp
line22,547700,large_deletion,71416_bp
line25,547700,large_deletion,71416_bp
line27,547700,large_deletion,71416_bp
line32,547700,large_deletion,71416_bp
line33,547700,large_deletion,71416_bp
line34,547700,large_deletion,71416_bp
line38,547700,large_deletion,71416_bp
line39,547700,large_deletion,71416_bp
line40,547700,large_deletion,71416_bp
line45,547700,large_deletion,71416_bp
line46,547700,large_deletion,71416_bp
line57,547700,large_deletion,71416_bp
line68,547700,large_deletion,71416_bp
line69,547700,large_deletion,71416_bp
line72,547700,large_deletion,71416_bp
line75,547700,large_deletion,71416_bp
line79,547700,large_deletion,71416_bp
line91,547700,large_deletion,71416_bp
line92,547700,large_deletion,71416_bp
line93,547700,large_deletion,71416_bp
line101,547700,large_deletion,71416_bp
line106,547700,large_deletion,71416_bp
line107,547700,large_deletion,71416_bp
line110,547700,large_deletion,71416_bp
line124,547700,large_deletion,71416_bp
line127,547700,large_deletion,71416_bp
line130,547700,large_deletion,71416_bp
line135,547700,large_deletion,71416_bp
line140,547700,large_deletion,71416_bp
line143,547700,large_deletion,71416_bp
line70,1290852,large_deletion,92_bp
line2,3497646,point_mutation,A->C
line6,1017152,point_mutation,A->C
line7,3145854,point_mutation,A->C
line7,3921590,point_mutation,A->C
line8,4159567,point_mutation,A->C
line9,4160533,point_mutation,A->C
line10,4161415,point_mutation,A->C
line11,4158352,point_mutation,A->C
line12,2295484,point_mutation,A->C
line13,474884,point_mutation,A->C
line13,4155545,point_mutation,A->C
line14,1305498,point_mutation,A->C
line16,4155545,point_mutation,A->C
line22,4157820,point_mutation,A->C
line24,1163310,point_mutation,A->C
line27,4155644,point_mutation,A->C
line31,3465221,point_mutation,A->C
line32,1886185,point_mutation,A->C
line34,3250446,point_mutation,A->C
line35,4155644,point_mutation,A->C
line38,4158903,point_mutation,A->C
line38,4172940,point_mutation,A->C
line39,4155545,point_mutation,A->C
line40,1609130,point_mutation,A->C
line40,2876468,point_mutation,A->C
line41,3414664,point_mutation,A->C
line41,4158687,point_mutation,A->C
line44,473924,point_mutation,A->C
line46,4156164,point_mutation,A->C
line47,1994864,point_mutation,A->C
line48,4155545,point_mutation,A->C
line53,475286,point_mutation,A->C
line53,650345,point_mutation,A->C
line55,4155545,point_mutation,A->C
line56,1305479,point_mutation,A->C
line57,980314,point_mutation,A->C
line57,3842759,point_mutation,A->C
line58,1893848,point_mutation,A->C
line59,1609130,point_mutation,A->C
line59,1886200,point_mutation,A->C
line59,3414333,point_mutation,A->C
line64,4156824,point_mutation,A->C
line66,4161331,point_mutation,A->C
line66,4195233,point_mutation,A->C
line69,473924,point_mutation,A->C
line70,3921458,point_mutation,A->C
line71,1305155,point_mutation,A->C
line71,4090048,point_mutation,A->C
line72,3613031,point_mutation,A->C
line73,1573659,point_mutation,A->C
line73,1588754,point_mutation,A->C
line74,1444490,point_mutation,A->C
line74,3477930,point_mutation,A->C
line74,3499719,point_mutation,A->C
line77,4094852,point_mutation,A->C
line82,3531187,point_mutation,A->C
line85,426675,point_mutation,A->C
line89,4155545,point_mutation,A->C
line89,4156164,point_mutation,A->C
line92,4155644,point_mutation,A->C
line96,3327363,point_mutation,A->C
line97,465735,point_mutation,A->C
line97,473924,point_mutation,A->C
line97,4155644,point_mutation,A->C
line101,3285729,point_mutation,A->C
line106,473924,point_mutation,A->C
line112,3498418,point_mutation,A->C
line114,473924,point_mutation,A->C
line120,4156208,point_mutation,A->C
line122,1609130,point_mutation,A->C
line122,4195035,point_mutation,A->C
line124,3338868,point_mutation,A->C
line131,3495564,point_mutation,A->C
line132,3922367,point_mutation,A->C
line133,473924,point_mutation,A->C
line133,2164925,point_mutation,A->C
line134,4363026,point_mutation,A->C
line136,3613031,point_mutation,A->C
line138,3488799,point_mutation,A->C
line138,3497646,point_mutation,A->C
line139,4155545,point_mutation,A->C
line140,1398888,point_mutation,A->C
line140,4156164,point_mutation,A->C
line141,2224008,point_mutation,A->C
line142,4155644,point_mutation,A->C
line143,473924,point_mutation,A->C
line2,3489138,point_mutation,A->G
line2,3921982,point_mutation,A->G
line6,3497647,point_mutation,A->G
line8,1886191,point_mutation,A->G
line10,3327123,point_mutation,A->G
line12,4090001,point_mutation,A->G
line14,416124,point_mutation,A->G
line14,3921279,point_mutation,A->G
line16,702967,point_mutation,A->G
line17,4156164,point_mutation,A->G
line18,3190378,point_mutation,A->G
line20,474224,point_mutation,A->G
line22,473846,point_mutation,A->G
line22,4156104,point_mutation,A->G
line24,3146020,point_mutation,A->G
line24,3497647,point_mutation,A->G
line26,1886191,point_mutation,A->G
line27,1004243,point_mutation,A->G
line28,4157163,point_mutation,A->G
line33,3922030,point_mutation,A->G
line40,3252014,point_mutation,A->G
line40,3497647,point_mutation,A->G
line41,3497175,point_mutation,A->G
line43,3339255,point_mutation,A->G
line43,3922447,point_mutation,A->G
line45,3921676,point_mutation,A->G
line46,3339453,point_mutation,A->G
line48,1304883,point_mutation,A->G
line52,2718733,point_mutation,A->G
line52,4154181,point_mutation,A->G
line55,2366607,point_mutation,A->G
line55,4186759,point_mutation,A->G
line57,4480301,point_mutation,A->G
line59,4195678,point_mutation,A->G
line61,474455,point_mutation,A->G
line61,3247306,point_mutation,A->G
line61,3922022,point_mutation,A->G
line64,124866,point_mutation,A->G
line65,1305551,point_mutation,A->G
line65,1540084,point_mutation,A->G
line67,4156803,point_mutation,A->G
line68,645855,point_mutation,A->G
line68,2762222,point_mutation,A->G
line71,3328112,point_mutation,A->G
line71,4156527,point_mutation,A->G
line74,4160533,point_mutation,A->G
line75,1182792,point_mutation,A->G
line75,3328959,point_mutation,A->G
line77,4195079,point_mutation,A->G
line78,3921982,point_mutation,A->G
line80,3292293,point_mutation,A->G
line82,2511645,point_mutation,A->G
line83,647840,point_mutation,A->G
line86,3328109,point_mutation,A->G
line89,4195537,point_mutation,A->G
line91,3328959,point_mutation,A->G
line92,382261,point_mutation,A->G
line94,3414652,point_mutation,A->G
line94,4154181,point_mutation,A->G
line95,3992988,point_mutation,A->G
line96,1305999,point_mutation,A->G
line101,474629,point_mutation,A->G
line101,3341756,point_mutation,A->G
line108,66630,point_mutation,A->G
line108,539303,point_mutation,A->G
line108,670789,point_mutation,A->G
line108,782538,point_mutation,A->G
line108,1198004,point_mutation,A->G
line108,1360063,point_mutation,A->G
line108,1448469,point_mutation,A->G
line108,1505141,point_mutation,A->G
line108,2776295,point_mutation,A->G
line108,3145838,point_mutation,A->G
line108,3978159,point_mutation,A->G
line108,4157877,point_mutation,A->G
line108,4271147,point_mutation,A->G
line110,474444,point_mutation,A->G
line110,3326732,point_mutation,A->G
line118,1004243,point_mutation,A->G
line119,4548113,point_mutation,A->G
line120,1332157,point_mutation,A->G
line122,743241,point_mutation,A->G
line122,3136092,point_mutation,A->G
line126,2044175,point_mutation,A->G
line127,3252026,point_mutation,A->G
line127,3650148,point_mutation,A->G
line130,648161,point_mutation,A->G
line132,3500860,point_mutation,A->G
line134,1004243,point_mutation,A->G
line134,4195384,point_mutation,A->G
line135,475158,point_mutation,A->G
line136,711401,point_mutation,A->G
line137,124938,point_mutation,A->G
line140,1886191,point_mutation,A->G
line141,3566669,point_mutation,A->G
line142,1080405,point_mutation,A->G
line3,3028048,point_mutation,A->T
line5,3326569,point_mutation,A->T
line8,474424,point_mutation,A->T
line12,3145992,point_mutation,A->T
line12,4266374,point_mutation,A->T
line22,4266374,point_mutation,A->T
line23,3921334,point_mutation,A->T
line27,3490427,point_mutation,A->T
line31,3252031,point_mutation,A->T
line33,3015186,point_mutation,A->T
line41,1306225,point_mutation,A->T
line44,4266374,point_mutation,A->T
line45,1305551,point_mutation,A->T
line46,3015186,point_mutation,A->T
line47,1305551,point_mutation,A->T
line47,2816994,point_mutation,A->T
line54,3921334,point_mutation,A->T
line56,433524,point_mutation,A->T
line56,4155644,point_mutation,A->T
line58,4093899,point_mutation,A->T
line61,4155644,point_mutation,A->T
line66,1104916,point_mutation,A->T
line67,3921916,point_mutation,A->T
line68,4266374,point_mutation,A->T
line69,4156164,point_mutation,A->T
line71,2781699,point_mutation,A->T
line79,450008,point_mutation,A->T
line79,3905039,point_mutation,A->T
line79,3905040,point_mutation,A->T
line80,3922013,point_mutation,A->T
line80,4266374,point_mutation,A->T
line84,3007377,point_mutation,A->T
line85,3921668,point_mutation,A->T
line93,474424,point_mutation,A->T
line93,648716,point_mutation,A->T
line95,3497651,point_mutation,A->T
line97,3028381,point_mutation,A->T
line105,1592630,point_mutation,A->T
line107,2213068,point_mutation,A->T
line108,4295942,point_mutation,A->T
line112,242440,point_mutation,A->T
line114,4266374,point_mutation,A->T
line122,4389972,point_mutation,A->T
line124,4266374,point_mutation,A->T
line126,4090499,point_mutation,A->T
line137,2164666,point_mutation,A->T
line137,3326574,point_mutation,A->T
line140,2377767,point_mutation,A->T
line140,3327980,point_mutation,A->T
line4,4157638,point_mutation,C->A
line6,854225,point_mutation,C->A
line6,2348321,point_mutation,C->A
line11,4255821,point_mutation,C->A
line13,365031,point_mutation,C->A
line14,1894127,point_mutation,C->A
line18,475115,point_mutation,C->A
line20,886893,point_mutation,C->A
line23,474437,point_mutation,C->A
line24,3328590,point_mutation,C->A
line26,2165189,point_mutation,C->A
line33,3328587,point_mutation,C->A
line34,2213277,point_mutation,C->A
line35,649829,point_mutation,C->A
line35,3377576,point_mutation,C->A
line47,4156103,point_mutation,C->A
line51,2818079,point_mutation,C->A
line61,2619395,point_mutation,C->A
line64,2165458,point_mutation,C->A
line66,99763,point_mutation,C->A
line67,1290641,point_mutation,C->A
line68,1305693,point_mutation,C->A
line68,4435078,point_mutation,C->A
line71,1886243,point_mutation,C->A
line72,3905073,point_mutation,C->A
line74,649489,point_mutation,C->A
line78,475241,point_mutation,C->A
line84,3252017,point_mutation,C->A
line84,3555903,point_mutation,C->A
line86,3145830,point_mutation,C->A
line89,398585,point_mutation,C->A
line95,3873048,point_mutation,C->A
line97,2058087,point_mutation,C->A
line101,2519908,point_mutation,C->A
line120,649731,point_mutation,C->A
line122,4172202,point_mutation,C->A
line126,474498,point_mutation,C->A
line132,4194993,point_mutation,C->A
line135,1496226,point_mutation,C->A
line137,475161,point_mutation,C->A
line140,473895,point_mutation,C->A
line142,86384,point_mutation,C->A
line21,649985,point_mutation,C->G
line25,4194979,point_mutation,C->G
line28,1305009,point_mutation,C->G
line54,1329281,point_mutation,C->G
line107,3145994,point_mutation,C->G
line120,762305,point_mutation,C->G
line127,1498278,point_mutation,C->G
line131,3251813,point_mutation,C->G
line1,4154381,point_mutation,C->T
line2,2108761,point_mutation,C->T
line5,475202,point_mutation,C->T
line5,3145821,point_mutation,C->T
line5,3249895,point_mutation,C->T
line5,3922003,point_mutation,C->T
line5,3941197,point_mutation,C->T
line6,97137,point_mutation,C->T
line7,1004121,point_mutation,C->T
line8,3328970,point_mutation,C->T
line9,1004183,point_mutation,C->T
line9,3908004,point_mutation,C->T
line11,3905048,point_mutation,C->T
line11,4157664,point_mutation,C->T
line11,4195643,point_mutation,C->T
line12,4159512,point_mutation,C->T
line15,3512482,point_mutation,C->T
line16,1264346,point_mutation,C->T
line17,1071973,point_mutation,C->T
line17,1290999,point_mutation,C->T
line18,3146006,point_mutation,C->T
line18,3251826,point_mutation,C->T
line18,3328551,point_mutation,C->T
line18,4156347,point_mutation,C->T
line20,1157919,point_mutation,C->T
line20,3373777,point_mutation,C->T
line21,4155053,point_mutation,C->T
line24,176608,point_mutation,C->T
line26,3922019,point_mutation,C->T
line27,3146003,point_mutation,C->T
line28,3512511,point_mutation,C->T
line31,2447007,point_mutation,C->T
line31,4155588,point_mutation,C->T
line33,3497889,point_mutation,C->T
line33,4162042,point_mutation,C->T
line34,4195487,point_mutation,C->T
line35,287335,point_mutation,C->T
line35,475187,point_mutation,C->T
line38,3496791,point_mutation,C->T
line39,3465194,point_mutation,C->T
line40,433564,point_mutation,C->T
line41,475131,point_mutation,C->T
line41,1738318,point_mutation,C->T
line42,4161979,point_mutation,C->T
line43,2844565,point_mutation,C->T
line44,2165564,point_mutation,C->T
line44,4340200,point_mutation,C->T
line45,475161,point_mutation,C->T
line46,3367993,point_mutation,C->T
line47,430835,point_mutation,C->T
line48,1266142,point_mutation,C->T
line48,3953026,point_mutation,C->T
line52,430835,point_mutation,C->T
line52,474437,point_mutation,C->T
line53,4159140,point_mutation,C->T
line54,2897284,point_mutation,C->T
line54,4472724,point_mutation,C->T
line56,92879,point_mutation,C->T
line57,3145777,point_mutation,C->T
line57,4155044,point_mutation,C->T
line57,4275520,point_mutation,C->T
line59,649991,point_mutation,C->T
line59,4187440,point_mutation,C->T
line60,474837,point_mutation,C->T
line64,649991,point_mutation,C->T
line65,3022026,point_mutation,C->T
line65,3145715,point_mutation,C->T
line66,3145940,point_mutation,C->T
line69,4255996,point_mutation,C->T
line70,2478079,point_mutation,C->T
line71,3252024,point_mutation,C->T
line73,1329919,point_mutation,C->T
line73,2686835,point_mutation,C->T
line74,1290813,point_mutation,C->T
line75,2610819,point_mutation,C->T
line76,3921379,point_mutation,C->T
line77,350174,point_mutation,C->T
line77,3145777,point_mutation,C->T
line79,2222519,point_mutation,C->T
line80,3497701,point_mutation,C->T
line84,1356628,point_mutation,C->T
line85,4132063,point_mutation,C->T
line85,4157172,point_mutation,C->T
line86,4157172,point_mutation,C->T
line89,3489224,point_mutation,C->T
line92,1290813,point_mutation,C->T
line92,1304966,point_mutation,C->T
line93,1262127,point_mutation,C->T
line94,3251826,point_mutation,C->T
line95,474270,point_mutation,C->T
line96,1484478,point_mutation,C->T
line96,3922453,point_mutation,C->T
line97,648692,point_mutation,C->T
line101,1290813,point_mutation,C->T
line101,2060025,point_mutation,C->T
line101,3145758,point_mutation,C->T
line101,4155588,point_mutation,C->T
line105,1329919,point_mutation,C->T
line106,2165188,point_mutation,C->T
line106,4148531,point_mutation,C->T
line108,805738,point_mutation,C->T
line108,870805,point_mutation,C->T
line108,1030403,point_mutation,C->T
line108,1146395,point_mutation,C->T
line108,1160663,point_mutation,C->T
line108,1282843,point_mutation,C->T
line108,1489606,point_mutation,C->T
line108,3529514,point_mutation,C->T
line108,3751305,point_mutation,C->T
line108,3937649,point_mutation,C->T
line108,4157172,point_mutation,C->T
line108,4516285,point_mutation,C->T
line110,1079196,point_mutation,C->T
line110,2164274,point_mutation,C->T
line110,3531058,point_mutation,C->T
line110,4155044,point_mutation,C->T
line112,474668,point_mutation,C->T
line114,3878505,point_mutation,C->T
line118,475161,point_mutation,C->T
line118,3368845,point_mutation,C->T
line119,2762436,point_mutation,C->T
line119,3251826,point_mutation,C->T
line119,3328659,point_mutation,C->T
line119,4591146,point_mutation,C->T
line122,3464828,point_mutation,C->T
line124,1254938,point_mutation,C->T
line124,2942102,point_mutation,C->T
line130,475187,point_mutation,C->T
line130,3147693,point_mutation,C->T
line132,52039,point_mutation,C->T
line136,3145715,point_mutation,C->T
line137,2213525,point_mutation,C->T
line138,4101450,point_mutation,C->T
line138,4156202,point_mutation,C->T
line141,4127868,point_mutation,C->T
line142,3027594,point_mutation,C->T
line142,3096444,point_mutation,C->T
line142,3488825,point_mutation,C->T
line143,1579770,point_mutation,C->T
line143,3497889,point_mutation,C->T
line2,2409185,point_mutation,G->A
line3,3785527,point_mutation,G->A
line5,3497979,point_mutation,G->A
line5,4155920,point_mutation,G->A
line7,3367994,point_mutation,G->A
line9,3498018,point_mutation,G->A
line10,3498027,point_mutation,G->A
line11,2164921,point_mutation,G->A
line11,3328425,point_mutation,G->A
line12,101810,point_mutation,G->A
line13,2500871,point_mutation,G->A
line14,4195438,point_mutation,G->A
line15,3069051,point_mutation,G->A
line16,1886212,point_mutation,G->A
line17,3921418,point_mutation,G->A
line18,1305909,point_mutation,G->A
line18,3498018,point_mutation,G->A
line18,3498259,point_mutation,G->A
line21,430954,point_mutation,G->A
line21,3028178,point_mutation,G->A
line21,4497712,point_mutation,G->A
line22,3016011,point_mutation,G->A
line22,3327549,point_mutation,G->A
line23,2705611,point_mutation,G->A
line24,3014284,point_mutation,G->A
line24,3251900,point_mutation,G->A
line25,4354528,point_mutation,G->A
line26,3465083,point_mutation,G->A
line28,3921418,point_mutation,G->A
line31,3498018,point_mutation,G->A
line32,1329,point_mutation,G->A
line33,447351,point_mutation,G->A
line34,1779624,point_mutation,G->A
line34,3326668,point_mutation,G->A
line34,4155596,point_mutation,G->A
line35,1002941,point_mutation,G->A
line38,1886212,point_mutation,G->A
line38,3252020,point_mutation,G->A
line39,3462738,point_mutation,G->A
line40,1098752,point_mutation,G->A
line40,3328544,point_mutation,G->A
line42,3147784,point_mutation,G->A
line43,3147061,point_mutation,G->A
line47,1886212,point_mutation,G->A
line48,3498021,point_mutation,G->A
line51,3600518,point_mutation,G->A
line51,4160631,point_mutation,G->A
line51,4556182,point_mutation,G->A
line53,296977,point_mutation,G->A
line54,2360249,point_mutation,G->A
line54,4195171,point_mutation,G->A
line55,1886212,point_mutation,G->A
line55,2967972,point_mutation,G->A
line55,3252020,point_mutation,G->A
line56,3145734,point_mutation,G->A
line59,2968642,point_mutation,G->A
line60,4090209,point_mutation,G->A
line61,3259215,point_mutation,G->A
line61,3497979,point_mutation,G->A
line61,4090299,point_mutation,G->A
line64,2740362,point_mutation,G->A
line64,3145995,point_mutation,G->A
line64,3279271,point_mutation,G->A
line65,649069,point_mutation,G->A
line66,3498012,point_mutation,G->A
line67,3489227,point_mutation,G->A
line69,2562723,point_mutation,G->A
line70,3842816,point_mutation,G->A
line72,4154180,point_mutation,G->A
line75,3145980,point_mutation,G->A
line75,3498018,point_mutation,G->A
line77,1949219,point_mutation,G->A
line78,3285892,point_mutation,G->A
line79,4159152,point_mutation,G->A
line81,3957081,point_mutation,G->A
line82,1304826,point_mutation,G->A
line83,1920716,point_mutation,G->A
line83,2336062,point_mutation,G->A
line85,2558232,point_mutation,G->A
line86,783391,point_mutation,G->A
line86,3346932,point_mutation,G->A
line87,1645442,point_mutation,G->A
line89,3250040,point_mutation,G->A
line89,3921511,point_mutation,G->A
line93,2749037,point_mutation,G->A
line94,980321,point_mutation,G->A
line94,3497259,point_mutation,G->A
line95,1886212,point_mutation,G->A
line96,1325998,point_mutation,G->A
line96,3338901,point_mutation,G->A
line96,3498018,point_mutation,G->A
line96,4195006,point_mutation,G->A
line97,825980,point_mutation,G->A
line97,3145861,point_mutation,G->A
line97,4195501,point_mutation,G->A
line106,311500,point_mutation,G->A
line106,1886616,point_mutation,G->A
line107,3905267,point_mutation,G->A
line108,852548,point_mutation,G->A
line108,1322724,point_mutation,G->A
line108,1936323,point_mutation,G->A
line108,2076617,point_mutation,G->A
line108,2173738,point_mutation,G->A
line108,2708580,point_mutation,G->A
line108,3142608,point_mutation,G->A
line108,3340151,point_mutation,G->A
line108,3498018,point_mutation,G->A
line108,3550013,point_mutation,G->A
line108,3589649,point_mutation,G->A
line112,3147770,point_mutation,G->A
line114,1372511,point_mutation,G->A
line114,3389164,point_mutation,G->A
line114,4555570,point_mutation,G->A
line118,3327334,point_mutation,G->A
line118,3489549,point_mutation,G->A
line118,3500751,point_mutation,G->A
line119,1580357,point_mutation,G->A
line119,3015132,point_mutation,G->A
line119,3498018,point_mutation,G->A
line120,3338863,point_mutation,G->A
line122,3261869,point_mutation,G->A
line124,4155626,point_mutation,G->A
line126,2333659,point_mutation,G->A
line127,3367994,point_mutation,G->A
line130,1886212,point_mutation,G->A
line130,4155023,point_mutation,G->A
line131,1698011,point_mutation,G->A
line131,3464798,point_mutation,G->A
line131,3921670,point_mutation,G->A
line134,3921418,point_mutation,G->A
line135,1886212,point_mutation,G->A
line136,3916438,point_mutation,G->A
line137,3145734,point_mutation,G->A
line138,3934661,point_mutation,G->A
line140,1891940,point_mutation,G->A
line140,3015284,point_mutation,G->A
line141,1744551,point_mutation,G->A
line141,4126382,point_mutation,G->A
line142,648276,point_mutation,G->A
line142,3145831,point_mutation,G->A
line143,1304967,point_mutation,G->A
line143,3271605,point_mutation,G->A
line31,30364,point_mutation,G->C
line96,4156170,point_mutation,G->C
line8,3145877,point_mutation,G->T
line13,3921976,point_mutation,G->T
line15,1305101,point_mutation,G->T
line21,475031,point_mutation,G->T
line25,183037,point_mutation,G->T
line27,3028366,point_mutation,G->T
line31,1305536,point_mutation,G->T
line31,4177134,point_mutation,G->T
line31,4187210,point_mutation,G->T
line31,4187495,point_mutation,G->T
line32,4156169,point_mutation,G->T
line33,3175331,point_mutation,G->T
line38,3419845,point_mutation,G->T
line39,3388722,point_mutation,G->T
line40,410389,point_mutation,G->T
line44,1101027,point_mutation,G->T
line44,2392359,point_mutation,G->T
line46,3147785,point_mutation,G->T
line47,4154220,point_mutation,G->T
line51,649342,point_mutation,G->T
line56,3570961,point_mutation,G->T
line56,3872893,point_mutation,G->T
line58,3921858,point_mutation,G->T
line59,4154358,point_mutation,G->T
line61,2625097,point_mutation,G->T
line67,1306133,point_mutation,G->T
line91,4404919,point_mutation,G->T
line92,3228291,point_mutation,G->T
line92,3499837,point_mutation,G->T
line105,3512392,point_mutation,G->T
line107,398586,point_mutation,G->T
line108,1602153,point_mutation,G->T
line122,3002374,point_mutation,G->T
line127,3327541,point_mutation,G->T
line127,4161423,point_mutation,G->T
line132,2815261,point_mutation,G->T
line133,3571421,point_mutation,G->T
line139,4186769,point_mutation,G->T
line1,4397130,point_mutation,T->A
line4,669080,point_mutation,T->A
line4,4155645,point_mutation,T->A
line6,3921335,point_mutation,T->A
line9,3933918,point_mutation,T->A
line10,3489226,point_mutation,T->A
line11,3916425,point_mutation,T->A
line15,3921335,point_mutation,T->A
line20,3921335,point_mutation,T->A
line22,3570917,point_mutation,T->A
line24,4156827,point_mutation,T->A
line26,1305464,point_mutation,T->A
line27,398676,point_mutation,T->A
line31,4415021,point_mutation,T->A
line43,4155645,point_mutation,T->A
line44,3921335,point_mutation,T->A
line45,3488845,point_mutation,T->A
line47,4464593,point_mutation,T->A
line48,1886756,point_mutation,T->A
line51,3497391,point_mutation,T->A
line54,474186,point_mutation,T->A
line54,4097054,point_mutation,T->A
line59,4342410,point_mutation,T->A
line60,2358417,point_mutation,T->A
line60,3921335,point_mutation,T->A
line61,3465155,point_mutation,T->A
line70,4148028,point_mutation,T->A
line72,977118,point_mutation,T->A
line73,3921335,point_mutation,T->A
line74,4456065,point_mutation,T->A
line77,1004196,point_mutation,T->A
line77,4155645,point_mutation,T->A
line78,3570917,point_mutation,T->A
line80,1451762,point_mutation,T->A
line81,3921335,point_mutation,T->A
line82,3921335,point_mutation,T->A
line82,4397130,point_mutation,T->A
line83,2358417,point_mutation,T->A
line83,3921335,point_mutation,T->A
line84,681881,point_mutation,T->A
line84,3921335,point_mutation,T->A
line86,433771,point_mutation,T->A
line87,3921335,point_mutation,T->A
line87,4397105,point_mutation,T->A
line91,4162105,point_mutation,T->A
line92,1004196,point_mutation,T->A
line93,4157559,point_mutation,T->A
line105,474743,point_mutation,T->A
line105,3921335,point_mutation,T->A
line106,4588368,point_mutation,T->A
line107,4156827,point_mutation,T->A
line108,783336,point_mutation,T->A
line108,1602152,point_mutation,T->A
line108,3489222,point_mutation,T->A
line112,4155645,point_mutation,T->A
line124,4158703,point_mutation,T->A
line126,2360314,point_mutation,T->A
line126,3921335,point_mutation,T->A
line131,4155645,point_mutation,T->A
line133,548535,point_mutation,T->A
line137,433525,point_mutation,T->A
line137,4156827,point_mutation,T->A
line141,3921335,point_mutation,T->A
line143,3921335,point_mutation,T->A
line143,4397130,point_mutation,T->A
line3,649601,point_mutation,T->C
line5,3339330,point_mutation,T->C
line6,1400364,point_mutation,T->C
line6,4195453,point_mutation,T->C
line10,4195670,point_mutation,T->C
line11,401700,point_mutation,T->C
line13,3447564,point_mutation,T->C
line14,2119660,point_mutation,T->C
line14,3499904,point_mutation,T->C
line15,474632,point_mutation,T->C
line16,4156809,point_mutation,T->C
line17,1305548,point_mutation,T->C
line23,4397099,point_mutation,T->C
line26,4160743,point_mutation,T->C
line27,648086,point_mutation,T->C
line27,1415090,point_mutation,T->C
line33,4225933,point_mutation,T->C
line35,3145857,point_mutation,T->C
line39,1332132,point_mutation,T->C
line41,649601,point_mutation,T->C
line43,2781139,point_mutation,T->C
line46,649601,point_mutation,T->C
line48,649601,point_mutation,T->C
line48,4195707,point_mutation,T->C
line51,3029142,point_mutation,T->C
line51,4101484,point_mutation,T->C
line52,649520,point_mutation,T->C
line52,1610902,point_mutation,T->C
line53,3876082,point_mutation,T->C
line57,474486,point_mutation,T->C
line58,3612979,point_mutation,T->C
line59,17340,point_mutation,T->C
line65,3497988,point_mutation,T->C
line66,3921908,point_mutation,T->C
line67,3570284,point_mutation,T->C
line68,4160509,point_mutation,T->C
line69,4268619,point_mutation,T->C
line70,4156971,point_mutation,T->C
line72,650773,point_mutation,T->C
line73,4513133,point_mutation,T->C
line74,3145973,point_mutation,T->C
line77,3633659,point_mutation,T->C
line78,4162105,point_mutation,T->C
line79,1305392,point_mutation,T->C
line79,1591144,point_mutation,T->C
line80,2359382,point_mutation,T->C
line82,318568,point_mutation,T->C
line89,716026,point_mutation,T->C
line91,2529508,point_mutation,T->C
line94,649601,point_mutation,T->C
line95,2519783,point_mutation,T->C
line95,4448704,point_mutation,T->C
line96,4359265,point_mutation,T->C
line101,649574,point_mutation,T->C
line106,649079,point_mutation,T->C
line107,2250832,point_mutation,T->C
line108,283483,point_mutation,T->C
line108,576685,point_mutation,T->C
line108,1440659,point_mutation,T->C
line108,1480447,point_mutation,T->C
line108,1504870,point_mutation,T->C
line108,1512877,point_mutation,T->C
line108,2577222,point_mutation,T->C
line108,3011228,point_mutation,T->C
line108,3517717,point_mutation,T->C
line108,4602938,point_mutation,T->C
line114,650854,point_mutation,T->C
line122,3339411,point_mutation,T->C
line124,2544114,point_mutation,T->C
line124,4157897,point_mutation,T->C
line130,1395,point_mutation,T->C
line132,3495649,point_mutation,T->C
line132,4101435,point_mutation,T->C
line132,4157678,point_mutation,T->C
line133,649601,point_mutation,T->C
line133,4195710,point_mutation,T->C
line135,3489207,point_mutation,T->C
line136,649601,point_mutation,T->C
line136,4156830,point_mutation,T->C
line137,2655315,point_mutation,T->C
line139,1126975,point_mutation,T->C
line141,3881066,point_mutation,T->C
line1,1954714,point_mutation,T->G
line3,2849,point_mutation,T->G
line3,4156827,point_mutation,T->G
line4,647808,point_mutation,T->G
line5,4512141,point_mutation,T->G
line6,4172832,point_mutation,T->G
line7,4156773,point_mutation,T->G
line8,4431606,point_mutation,T->G
line9,4157897,point_mutation,T->G
line10,3921959,point_mutation,T->G
line11,3500642,point_mutation,T->G
line15,3414560,point_mutation,T->G
line16,3146143,point_mutation,T->G
line17,4195044,point_mutation,T->G
line20,3838729,point_mutation,T->G
line21,4153741,point_mutation,T->G
line23,4195457,point_mutation,T->G
line25,3873442,point_mutation,T->G
line25,4156827,point_mutation,T->G
line28,4101582,point_mutation,T->G
line34,3497992,point_mutation,T->G
line35,1333815,point_mutation,T->G
line35,2140934,point_mutation,T->G
line35,4431606,point_mutation,T->G
line38,4431606,point_mutation,T->G
line39,4156827,point_mutation,T->G
line40,4156827,point_mutation,T->G
line41,3145993,point_mutation,T->G
line43,4431606,point_mutation,T->G
line44,3232675,point_mutation,T->G
line45,4157658,point_mutation,T->G
line46,3497341,point_mutation,T->G
line47,648086,point_mutation,T->G
line48,2701221,point_mutation,T->G
line55,4156827,point_mutation,T->G
line58,990162,point_mutation,T->G
line60,4195457,point_mutation,T->G
line65,3464469,point_mutation,T->G
line65,3776370,point_mutation,T->G
line65,4156827,point_mutation,T->G
line65,4195601,point_mutation,T->G
line67,3497953,point_mutation,T->G
line68,3881545,point_mutation,T->G
line69,3488904,point_mutation,T->G
line69,4157920,point_mutation,T->G
line70,305821,point_mutation,T->G
line70,1882915,point_mutation,T->G
line72,3499806,point_mutation,T->G
line73,475640,point_mutation,T->G
line73,4195009,point_mutation,T->G
line74,4247816,point_mutation,T->G
line75,4156827,point_mutation,T->G
line77,2268968,point_mutation,T->G
line79,4195613,point_mutation,T->G
line81,4195457,point_mutation,T->G
line82,4173275,point_mutation,T->G
line83,1454614,point_mutation,T->G
line85,4101570,point_mutation,T->G
line87,4195479,point_mutation,T->G
line91,4156827,point_mutation,T->G
line91,4212621,point_mutation,T->G
line91,4431606,point_mutation,T->G
line92,4431606,point_mutation,T->G
line95,3014865,point_mutation,T->G
line101,500385,point_mutation,T->G
line105,2540004,point_mutation,T->G
line106,4156827,point_mutation,T->G
line108,649391,point_mutation,T->G
line110,2268959,point_mutation,T->G
line112,650624,point_mutation,T->G
line112,4431606,point_mutation,T->G
line114,4156827,point_mutation,T->G
line114,4338935,point_mutation,T->G
line118,4157897,point_mutation,T->G
line119,1697996,point_mutation,T->G
line119,4156827,point_mutation,T->G
line122,649391,point_mutation,T->G
line122,931164,point_mutation,T->G
line122,4156827,point_mutation,T->G
line127,979852,point_mutation,T->G
line133,1136082,point_mutation,T->G
line133,1305509,point_mutation,T->G
line133,2762221,point_mutation,T->G
line133,4156827,point_mutation,T->G
line135,4156827,point_mutation,T->G
line139,433653,point_mutation,T->G
line139,4156827,point_mutation,T->G
line141,2976637,point_mutation,T->G
line142,433711,point_mutation,T->G
line142,1658770,point_mutation,T->G
line143,1658199,point_mutation,T->G
